-- phpMyAdmin SQL Dump
-- version 5.1.1
-- https://www.phpmyadmin.net/
--
-- Host: localhost:8889
-- Generation Time: Jun 23, 2022 at 02:08 AM
-- Server version: 5.7.34
-- PHP Version: 7.4.21

SET SQL_MODE = "NO_AUTO_VALUE_ON_ZERO";
START TRANSACTION;
SET time_zone = "+00:00";


/*!40101 SET @OLD_CHARACTER_SET_CLIENT=@@CHARACTER_SET_CLIENT */;
/*!40101 SET @OLD_CHARACTER_SET_RESULTS=@@CHARACTER_SET_RESULTS */;
/*!40101 SET @OLD_COLLATION_CONNECTION=@@COLLATION_CONNECTION */;
/*!40101 SET NAMES utf8mb4 */;

--
-- Database: `quiz2`
--

-- --------------------------------------------------------

--
-- Table structure for table `categories`
--

CREATE TABLE `categories` (
  `id` bigint(20) UNSIGNED NOT NULL,
  `name` varchar(255) COLLATE utf8mb4_unicode_ci NOT NULL,
  `created_at` timestamp NULL DEFAULT NULL,
  `updated_at` timestamp NULL DEFAULT NULL,
  `slug` varchar(255) COLLATE utf8mb4_unicode_ci NOT NULL,
  `categori_id` int(11) DEFAULT NULL
) ENGINE=InnoDB DEFAULT CHARSET=utf8mb4 COLLATE=utf8mb4_unicode_ci;

--
-- Dumping data for table `categories`
--

INSERT INTO `categories` (`id`, `name`, `created_at`, `updated_at`, `slug`, `categori_id`) VALUES
(7, 'Soal Pretest', '2022-04-27 06:44:45', '2022-04-27 06:44:45', 'qvTN4vbSZU83Wh3NJhAOndgHTIEB12oE', NULL),
(8, 'Soal Postest', '2022-04-27 06:46:11', '2022-04-27 06:46:11', 'z9BIyGaCtZdWeHLNWx16m0mgLOU17Jop', NULL),
(9, 'Soal Additional', '2022-04-27 06:46:33', '2022-06-20 16:01:09', 'omPr0UgR3XF67miGEWbpJx3lxxbtwT3T', NULL),
(15, 'HTML CSS Intermediete', '2022-06-11 10:16:54', '2022-06-11 11:26:02', '2kVxOZDUTkMqxzSlbMpGucHzsoJT2IOi', 7),
(16, 'Javascript Intermediete', '2022-06-11 10:17:37', '2022-06-11 10:17:37', 'arA59fPYJiRX9IppO0gTKlpy6f2pzhf6', 7),
(17, 'PHP Intermediete', '2022-06-11 10:46:29', '2022-06-11 11:29:45', '84V2keANSfcLw4Eoog1UtfUeTIV9gndL', 7),
(18, 'test aja - 1', '2022-06-11 10:46:40', '2022-06-11 10:46:40', '00K3zNnTIEyxoa6L1td9FEJ7pPARtkJd', 17),
(19, 'Mysql Intermedite', '2022-06-11 11:36:46', '2022-06-11 11:36:46', 'r9pnoQpjjAZCnwpCuesIhuR0aW6TuwVf', 7),
(20, 'observability', '2022-06-11 11:41:25', '2022-06-11 11:41:25', 'EvB7bP5OQJ44QJX57fCoxJljhR9mUP4m', 7),
(21, 'Post Test HTML CSS Intermediete', '2022-06-20 16:02:11', '2022-06-22 19:07:08', 'T9ErQDBMrJPszcxw4N8xwVI2LqeHNxxz', 8),
(22, 'Javascript postgtest', '2022-06-20 16:02:26', '2022-06-20 16:02:26', '00CnrujyxQTB9ZFDP98pz8r6wkbvcWOU', 8),
(23, 'Post Test PHP Intermediete', '2022-06-22 19:06:34', '2022-06-22 19:06:34', 'P8pYp7FYXYFTtlpskuBbkjHtH6hIjv27', 8);

-- --------------------------------------------------------

--
-- Table structure for table `failed_jobs`
--

CREATE TABLE `failed_jobs` (
  `id` bigint(20) UNSIGNED NOT NULL,
  `uuid` varchar(255) COLLATE utf8mb4_unicode_ci NOT NULL,
  `connection` text COLLATE utf8mb4_unicode_ci NOT NULL,
  `queue` text COLLATE utf8mb4_unicode_ci NOT NULL,
  `payload` longtext COLLATE utf8mb4_unicode_ci NOT NULL,
  `exception` longtext COLLATE utf8mb4_unicode_ci NOT NULL,
  `failed_at` timestamp NOT NULL DEFAULT CURRENT_TIMESTAMP
) ENGINE=InnoDB DEFAULT CHARSET=utf8mb4 COLLATE=utf8mb4_unicode_ci;

-- --------------------------------------------------------

--
-- Table structure for table `migrations`
--

CREATE TABLE `migrations` (
  `id` int(10) UNSIGNED NOT NULL,
  `migration` varchar(255) COLLATE utf8mb4_unicode_ci NOT NULL,
  `batch` int(11) NOT NULL
) ENGINE=InnoDB DEFAULT CHARSET=utf8mb4 COLLATE=utf8mb4_unicode_ci;

--
-- Dumping data for table `migrations`
--

INSERT INTO `migrations` (`id`, `migration`, `batch`) VALUES
(1, '2014_10_12_000000_create_users_table', 1),
(2, '2014_10_12_100000_create_password_resets_table', 1),
(3, '2019_08_19_000000_create_failed_jobs_table', 1),
(4, '2019_12_14_000001_create_personal_access_tokens_table', 1),
(5, '2022_02_04_020715_create_permissions_table', 1),
(6, '2022_02_04_020803_create_roles_table', 1),
(7, '2022_02_04_020910_create_role_user_table', 1),
(8, '2022_02_04_021018_create_permission_role_table', 1),
(9, '2022_04_13_070826_create_categories_table', 1),
(10, '2022_04_13_070920_create_questions_table', 1),
(11, '2022_04_13_071022_create_options_table', 1),
(12, '2022_04_13_072027_create_results_table', 1),
(13, '2022_04_13_072320_create_question_result_table', 1),
(14, '2022_04_27_055041_add_slug', 2),
(15, '2022_06_11_165642_add_topic_categori_id', 3),
(16, '2022_06_11_170043_add_subcategory', 4),
(17, '2022_06_11_181322_add_category_id_to_result', 5);

-- --------------------------------------------------------

--
-- Table structure for table `options`
--

CREATE TABLE `options` (
  `id` bigint(20) UNSIGNED NOT NULL,
  `question_id` bigint(20) UNSIGNED NOT NULL,
  `option_text` longtext COLLATE utf8mb4_unicode_ci NOT NULL,
  `points` int(11) DEFAULT NULL,
  `created_at` timestamp NULL DEFAULT NULL,
  `updated_at` timestamp NULL DEFAULT NULL
) ENGINE=InnoDB DEFAULT CHARSET=utf8mb4 COLLATE=utf8mb4_unicode_ci;

--
-- Dumping data for table `options`
--

INSERT INTO `options` (`id`, `question_id`, `option_text`, `points`, `created_at`, `updated_at`) VALUES
(42, 12, '<article>', 0, '2022-04-20 08:13:56', '2022-04-20 08:13:56'),
(43, 12, '<aside>', 0, '2022-04-20 08:14:08', '2022-04-20 08:14:08'),
(44, 12, '<figcaption>', 0, '2022-04-20 08:14:26', '2022-04-20 08:14:26'),
(45, 12, '<comment>', 1, '2022-04-20 08:14:45', '2022-04-20 08:14:45'),
(46, 13, 'Versi 5', 1, '2022-04-20 08:16:46', '2022-04-20 08:16:46'),
(47, 13, 'Versi 2016', 0, '2022-04-20 08:17:05', '2022-04-20 08:17:05'),
(48, 13, 'Versi 4', 0, '2022-04-20 08:17:16', '2022-04-20 08:17:16'),
(49, 13, 'Versi 2000', 0, '2022-04-20 08:17:26', '2022-04-20 08:17:26'),
(50, 14, '3 jenis', 1, '2022-04-20 08:43:10', '2022-04-20 08:43:10'),
(51, 14, '2 jenis', 0, '2022-04-20 08:43:23', '2022-04-20 08:43:23'),
(52, 14, '5 Jenis', 0, '2022-04-20 08:43:45', '2022-04-20 08:43:45'),
(53, 14, '10 jenis', 0, '2022-04-20 08:48:39', '2022-04-20 08:48:39'),
(54, 15, 'memberikan informasi tentang halaman sebuah web', 1, '2022-04-20 10:31:53', '2022-04-20 10:31:53'),
(55, 15, 'agar website menjadi lebih cepat dibuka', 0, '2022-04-20 10:32:18', '2022-05-18 09:12:55'),
(56, 15, 'agar mudah dibaca oleh mesin pencari', 0, '2022-04-20 10:32:43', '2022-04-20 10:32:43'),
(57, 15, 'semua salah', 0, '2022-04-20 10:32:57', '2022-04-20 10:32:57'),
(58, 16, 'Tag Selector', 1, '2022-04-20 10:37:58', '2022-04-20 10:37:58'),
(59, 12, 'Element Selector', 0, '2022-04-20 10:38:08', '2022-04-20 10:38:08'),
(60, 16, 'ID Selector', 0, '2022-04-20 10:38:19', '2022-04-20 10:39:53'),
(61, 16, 'Class Selector', 0, '2022-04-20 10:38:27', '2022-04-20 10:40:12'),
(62, 16, 'Element Selector', 0, '2022-04-20 10:38:49', '2022-04-20 10:40:04'),
(63, 17, 'mempercepat waktu loading halaman', 0, '2022-05-18 08:20:46', '2022-05-18 08:20:46'),
(64, 17, 'agar coding lebih mudah dibaca', 0, '2022-05-18 08:20:46', '2022-05-18 08:20:46'),
(65, 17, 'agar bisa dimanfaatkan untuk membuat desain sistem yang lebih advanced', 1, '2022-05-18 08:20:46', '2022-05-18 08:20:46'),
(66, 17, 'Pilihan A & B benar', 0, '2022-05-18 08:20:46', '2022-05-18 08:20:46'),
(67, 18, 'pixma', 0, '2022-05-18 08:27:05', '2022-05-18 08:27:05'),
(68, 18, 'pixels', 1, '2022-05-18 08:27:06', '2022-05-18 08:27:06'),
(69, 18, 'paxel', 0, '2022-05-18 08:27:06', '2022-05-18 08:27:06'),
(70, 18, 'pixelated', 0, '2022-05-18 08:27:06', '2022-05-18 08:27:06'),
(71, 19, '<link vref=\"stylesheet\" rel=\"mystyles.css\">', 0, '2022-05-18 08:33:55', '2022-05-18 08:33:55'),
(72, 19, '<link href=\"stylesheet\" rel=\"mystyles.css\">', 0, '2022-05-18 08:33:56', '2022-05-18 08:33:56'),
(73, 19, '<link vref=\"mystyles.css\" rel=\"stylesheet\">', 0, '2022-05-18 08:33:56', '2022-05-18 08:33:56'),
(74, 19, '<link href=\"mystyles.css\" rel=\"stylesheet\">', 1, '2022-05-18 08:33:56', '2022-05-18 08:33:56'),
(75, 22, 'membulatkan sudut elemen dengan radius vertikal 1em dan radius horisontal 1.5em', 0, '2022-05-18 08:40:30', '2022-05-18 08:40:30'),
(76, 22, 'membulatkan sudut elemen dengan radius horisontal 1em dan radius vertical 1.5em', 1, '2022-05-18 08:40:33', '2022-05-18 08:40:33'),
(77, 22, 'membulatkan sudut elemen dengan radius 1em sampai dengan 1.5em', 0, '2022-05-18 08:40:33', '2022-05-18 08:40:33'),
(78, 22, 'memberi garis tepi elemen setebal 1em sampai dengan 1.5em', 0, '2022-05-18 08:40:33', '2022-05-18 08:40:33'),
(79, 23, 'layout-column: 3;', 0, '2022-05-18 08:47:21', '2022-05-18 08:47:21'),
(80, 23, 'lane-count: 3;', 0, '2022-05-18 08:47:21', '2022-05-18 08:47:21'),
(81, 23, 'column-count: 3;', 1, '2022-05-18 08:47:22', '2022-05-18 08:47:22'),
(82, 23, 'vertical-layout: 3;', 0, '2022-05-18 08:47:22', '2022-05-18 08:47:22'),
(83, 24, '@font-web', 0, '2022-05-18 08:53:19', '2022-05-18 08:53:19'),
(84, 24, '@web-font', 0, '2022-05-18 08:53:26', '2022-05-18 08:53:26'),
(85, 24, '@font-style', 0, '2022-05-18 08:53:29', '2022-05-18 08:53:29'),
(86, 24, '@font-face', 1, '2022-05-18 08:53:30', '2022-05-18 08:53:30'),
(87, 25, '@media screen and (min-width:800px) and (max-width:1600px) { }', 1, '2022-05-18 09:08:20', '2022-05-18 09:08:20'),
(88, 25, '@media screen from (min-width:800px) to (max-width:1600px) { }', 0, '2022-05-18 09:08:21', '2022-05-18 09:08:21'),
(89, 25, '@media screen within (min-width:800px) (max-width:1600px) { }', 0, '2022-05-18 09:08:21', '2022-05-18 09:08:21'),
(90, 25, '@media screen and (min-width:800px:1600px) { }', 0, '2022-05-18 09:08:21', '2022-05-18 09:08:21'),
(91, 26, '@mediaquery mediaType and (mediaFeature)', 0, '2022-05-18 12:43:39', '2022-05-18 12:43:39'),
(92, 26, '@media mediaType and (mediaFeature)', 1, '2022-05-18 12:43:39', '2022-05-18 12:43:39'),
(93, 26, '@query mediaType and (mediaFeature)', 0, '2022-05-18 12:43:40', '2022-05-18 12:43:40'),
(94, 26, '@manage mediaType and (mediaFeature)', 0, '2022-05-18 12:43:40', '2022-05-18 12:43:40'),
(95, 27, 'di dalam element', 1, '2022-05-18 12:46:49', '2022-05-18 12:46:49'),
(96, 27, 'di luar element', 0, '2022-05-18 12:46:49', '2022-05-18 12:46:49'),
(97, 27, 'di tepi element', 0, '2022-05-18 12:46:49', '2022-05-18 12:46:49'),
(98, 27, 'di luar dan di tepi elemen', 0, '2022-05-18 12:46:52', '2022-05-18 12:46:52'),
(99, 28, 'di external file yang dihubungkan dengan script HTML', 1, '2022-05-18 12:55:52', '2022-05-18 12:55:52'),
(100, 28, 'di file yang sama dengan web page', 0, '2022-05-18 12:55:52', '2022-05-18 12:55:52'),
(101, 28, 'di nested file yang dihubungkan dengan script HTML', 0, '2022-05-18 12:55:52', '2022-05-18 12:55:52'),
(102, 28, 'di web browser', 0, '2022-05-18 12:55:52', '2022-05-18 12:55:52'),
(103, 29, '<a onclick=\"http://www.ptcv.com/~dona/\">Dona\'s site</a>', 0, '2022-05-18 13:06:16', '2022-05-18 13:06:16'),
(104, 29, '<a href=\"http://www.ptcv.com/~dona/\">Dona\'s site</a>', 1, '2022-05-18 13:06:16', '2022-05-18 13:06:16'),
(105, 29, '<a vref=\"http://www.ptcv.com/~dona/\">Dona\'s site</a>', 0, '2022-05-18 13:06:16', '2022-05-18 13:06:16'),
(106, 29, '<a link=\"http://www.ptcv.com/~dona/\">Dona\'s site</a>', 0, '2022-05-18 13:06:20', '2022-05-18 13:06:20'),
(107, 30, 'a:focus', 0, '2022-05-18 13:14:16', '2022-05-18 13:14:16'),
(108, 30, 'a:visited', 1, '2022-05-18 13:14:16', '2022-05-18 13:14:16'),
(109, 30, 'a:link', 0, '2022-05-18 13:14:17', '2022-05-18 13:14:17'),
(110, 30, 'a:active', 0, '2022-05-18 13:14:17', '2022-05-18 13:14:17'),
(111, 31, 'a:link', 0, '2022-05-18 13:35:04', '2022-05-18 13:35:04'),
(112, 31, 'a:hover', 0, '2022-05-18 13:35:05', '2022-05-18 13:35:05'),
(113, 31, 'a:active', 0, '2022-05-18 13:35:05', '2022-05-18 13:35:05'),
(114, 31, 'a:focus', 1, '2022-05-18 13:35:05', '2022-05-18 13:35:05'),
(115, 32, 'Hosting provider', 0, '2022-05-18 13:42:41', '2022-05-18 13:42:41'),
(116, 32, 'Server library yang lain', 0, '2022-05-18 13:42:41', '2022-05-18 13:42:41'),
(117, 32, 'PHP', 0, '2022-05-18 13:42:41', '2022-05-18 13:42:41'),
(118, 32, 'CDN', 1, '2022-05-18 13:42:41', '2022-05-18 13:42:41'),
(119, 33, 'Massive version change', 0, '2022-05-18 13:50:02', '2022-05-18 13:50:02'),
(120, 33, 'Multiuse-view-controller', 0, '2022-05-18 13:50:02', '2022-05-18 13:50:02'),
(121, 33, 'Mobile-view-controller', 0, '2022-05-18 13:50:02', '2022-05-18 13:50:02'),
(122, 33, 'Model-view-controller', 1, '2022-05-18 13:50:04', '2022-05-18 13:50:04'),
(123, 34, 'Angular, JSEmber, React', 0, '2022-05-18 15:13:48', '2022-05-18 15:13:48'),
(124, 34, 'AngularJS, Vue.js, React', 1, '2022-05-18 15:13:48', '2022-05-18 15:13:48'),
(125, 34, 'Angular, Backbone.js, AJAX', 0, '2022-05-18 15:13:48', '2022-05-18 15:13:48'),
(126, 34, 'Backbone.js, Vue,js, Noda.js', 0, '2022-05-18 15:13:48', '2022-05-18 15:13:48'),
(127, 35, '4', 0, '2022-05-18 15:25:58', '2022-05-18 15:25:58'),
(128, 35, '18', 0, '2022-05-18 15:25:58', '2022-05-18 15:25:58'),
(129, 35, '20', 0, '2022-05-18 15:25:58', '2022-05-18 15:25:58'),
(130, 35, '21', 1, '2022-05-18 15:25:59', '2022-05-18 15:25:59'),
(131, 36, 'test.substring(4,9)', 1, '2022-05-18 15:32:07', '2022-05-18 15:32:07'),
(132, 36, 'test.substring(5,9)', 0, '2022-05-18 15:32:07', '2022-05-18 15:32:07'),
(133, 36, 'test.substring(\"eagle\")', 0, '2022-05-18 15:32:07', '2022-05-18 15:32:07'),
(134, 36, 'test.substring(capture,\"eagle\")', 0, '2022-05-18 15:32:12', '2022-05-18 15:32:12'),
(135, 37, 'antara 1 dan 100', 0, '2022-05-18 15:40:06', '2022-05-18 15:40:06'),
(136, 37, 'antara 1 dan jumlah milliseconds sejak 1 Januari 1970', 0, '2022-05-18 15:40:06', '2022-05-18 15:40:06'),
(137, 37, 'antara 0 dan 1', 1, '2022-05-18 15:40:06', '2022-05-18 15:40:06'),
(138, 37, 'antara 1 dan 999', 0, '2022-05-18 15:40:06', '2022-05-18 15:40:06'),
(139, 38, 'Komputer user yang menjalankan web browser', 1, '2022-05-18 15:53:31', '2022-05-18 15:53:31'),
(140, 38, 'Web server tempat hostingnya', 0, '2022-05-18 15:53:32', '2022-05-18 15:53:32'),
(141, 38, 'JavaScript server tempat menampung seluruh script', 0, '2022-05-18 15:53:33', '2022-05-18 15:57:59'),
(142, 38, 'Proxy server yang menjadi gateway', 0, '2022-05-18 15:53:33', '2022-05-18 15:53:33'),
(143, 39, 'untuk mengacak variasi', 0, '2022-05-18 15:57:26', '2022-05-18 15:57:26'),
(144, 39, 'mengubah output dari script', 0, '2022-05-18 15:57:27', '2022-05-18 15:57:27'),
(145, 39, 'mengeksekusi beberapa kemungkinan', 0, '2022-05-18 15:57:28', '2022-05-18 15:57:28'),
(146, 39, 'menyimpan angka, tanggal atau value yang lainnya', 1, '2022-05-18 15:57:28', '2022-05-18 15:57:28'),
(147, 40, 'mendeteksi fitur dari browser yang digunakan', 0, '2022-05-18 16:01:23', '2022-05-18 16:01:23'),
(148, 40, 'mengubah sebagian dari halaman web, tanpa melakukan refresh halaman', 0, '2022-05-18 16:01:23', '2022-05-18 16:01:23'),
(149, 40, 'menulis data ke remote server', 1, '2022-05-18 16:01:23', '2022-05-18 16:01:23'),
(150, 40, 'berinteraksi dengan data dari remote server', 0, '2022-05-18 16:01:26', '2022-05-18 16:01:26'),
(151, 41, '<onclickbutton>', 0, '2022-05-18 16:24:00', '2022-05-18 16:24:00'),
(152, 41, 'type=\"clickbutton\"', 0, '2022-05-18 16:24:00', '2022-05-18 16:24:00'),
(153, 41, 'onclick=\"alert(\'You clicked the button.\')\"', 1, '2022-05-18 16:24:00', '2022-05-18 16:24:00'),
(154, 41, '</eventbutton>', 0, '2022-05-18 16:24:00', '2022-05-18 16:24:00'),
(155, 42, '$$', 0, '2022-05-18 16:28:33', '2022-05-18 16:28:33'),
(156, 42, '&*', 0, '2022-05-18 16:28:36', '2022-05-18 16:28:36'),
(157, 42, '=', 0, '2022-05-18 16:28:39', '2022-05-18 16:28:39'),
(158, 42, '!', 1, '2022-05-18 16:28:40', '2022-05-18 16:28:40'),
(159, 43, 'object', 0, '2022-05-18 16:33:12', '2022-05-18 16:33:12'),
(160, 43, 'new', 1, '2022-05-18 16:33:13', '2022-05-18 16:33:13'),
(161, 43, 'instance', 0, '2022-05-18 16:33:13', '2022-05-18 16:33:13'),
(162, 43, 'create', 0, '2022-05-18 16:33:14', '2022-05-18 16:33:14'),
(163, 44, 'mouseup', 0, '2022-05-18 16:35:37', '2022-05-18 16:35:37'),
(164, 44, 'link', 0, '2022-05-18 16:35:39', '2022-05-18 16:35:39'),
(165, 44, 'click', 1, '2022-05-18 16:35:40', '2022-05-18 16:35:40'),
(166, 44, 'hover', 0, '2022-05-18 16:35:40', '2022-05-18 16:35:40'),
(167, 45, 'window.alert', 0, '2022-05-18 16:39:27', '2022-05-18 16:39:27'),
(168, 45, 'window.confirm', 1, '2022-05-18 16:39:27', '2022-05-18 16:39:27'),
(169, 45, 'window.prompt', 0, '2022-05-18 16:39:29', '2022-05-18 16:39:29'),
(170, 45, 'window.dialog', 0, '2022-05-18 16:39:33', '2022-05-18 16:39:33'),
(171, 46, 'saat sebuah gambar selesai loading', 0, '2022-05-18 16:44:52', '2022-05-18 16:44:52'),
(172, 46, 'saat seluruh halaman selesai loading', 1, '2022-05-18 16:44:53', '2022-05-18 16:44:53'),
(173, 46, 'saat user membuka web page baru', 0, '2022-05-18 16:44:53', '2022-05-18 16:44:53'),
(174, 46, 'bersamaan dengan loading seluruh gambar', 0, '2022-05-18 16:44:53', '2022-05-18 16:44:53'),
(175, 47, 'dalam file HTML', 0, '2022-05-18 16:48:26', '2022-05-18 16:48:26'),
(176, 47, 'dalam file CSS', 0, '2022-05-18 16:48:26', '2022-05-18 16:48:26'),
(177, 47, 'dalam file JavaScript', 1, '2022-05-18 16:48:26', '2022-05-18 16:48:26'),
(178, 47, 'dalam file Index', 0, '2022-05-18 16:48:26', '2022-05-18 16:48:26'),
(179, 48, 'di elemen <head>', 0, '2022-05-18 16:53:00', '2022-05-18 16:53:00'),
(180, 48, 'di bagian paling atas elemen <body>', 0, '2022-05-18 16:53:00', '2022-05-18 16:53:00'),
(181, 48, 'di bagian paling bawah elemen <body>', 1, '2022-05-18 16:53:00', '2022-05-18 16:53:00'),
(182, 48, 'tidak ada masalah, bisa dimana saja', 0, '2022-05-18 16:53:00', '2022-05-18 16:53:00'),
(183, 49, 'mulai dengan HTML, lalu tambahkan CSS, setelah itu JavaScript', 1, '2022-05-18 17:13:18', '2022-05-18 17:13:18'),
(184, 49, 'HTML saja', 0, '2022-05-18 17:13:19', '2022-05-18 17:13:19'),
(185, 49, 'gunakan JavaScript, lalu CSS, setelah itu baru HTML', 0, '2022-05-18 17:13:20', '2022-05-18 17:13:20'),
(186, 49, 'Tidak ada perbedaan, sama saja', 0, '2022-05-18 17:13:20', '2022-05-18 17:13:20'),
(187, 50, 'karena user banyak yang tidak memakai JavaScript', 0, '2022-05-18 17:17:26', '2022-05-18 17:17:26'),
(188, 50, 'karena mobile browser tidak mendukung JavaScript', 0, '2022-05-18 17:17:26', '2022-05-18 17:17:26'),
(189, 50, 'untuk memastikan bahwa tidak dibutuhkan JavaScript untuk me-load halaman tersebut', 1, '2022-05-18 17:17:26', '2022-05-18 17:17:26'),
(190, 50, 'Anda tidak perlu melakukan hal ini', 0, '2022-05-18 17:17:27', '2022-05-18 17:17:27'),
(191, 51, 'buat halaman seluas mungkin', 0, '2022-05-18 17:20:37', '2022-05-18 17:20:37'),
(192, 51, 'gunakan valid HTML', 1, '2022-05-18 17:20:38', '2022-05-18 17:20:38'),
(193, 51, 'optimalkan kualitas gambar daripada kecepatan', 0, '2022-05-18 17:20:38', '2022-05-18 17:20:38'),
(194, 51, 'B dan C benar', 0, '2022-05-18 17:20:38', '2022-05-18 17:20:38'),
(195, 52, 'menjalankan statemen JavaScript setelah delay waktu tertentu', 1, '2022-05-18 17:32:52', '2022-05-18 17:32:52'),
(196, 52, 'mengunci browser selama periode waktu tertentu', 0, '2022-05-18 17:32:52', '2022-05-18 17:32:52'),
(197, 52, 'mengatur jumlah waktu sebelum browser menutup secara otomatis', 0, '2022-05-18 17:32:52', '2022-05-18 17:32:52'),
(198, 52, 'membuka window baru setelah ada perintah user', 0, '2022-05-18 17:32:52', '2022-05-18 17:32:52'),
(199, 53, 'document.getElementById(\"heading1\")', 1, '2022-05-18 17:38:43', '2022-05-18 17:38:43'),
(200, 53, 'document.GetElementByID(\"heading1\")', 0, '2022-05-18 17:38:44', '2022-05-18 17:38:44'),
(201, 53, 'document.getElementsById(\"heading1\")', 0, '2022-05-18 17:38:45', '2022-05-18 17:38:45'),
(202, 53, 'documents.getElementsById(\"heading1\")', 0, '2022-05-18 17:38:46', '2022-05-18 17:38:46'),
(203, 54, 'link ke dokumen yang didefinisikan', 0, '2022-05-18 17:42:38', '2022-05-18 17:42:38'),
(204, 54, 'mengubah URL saat ini', 0, '2022-05-18 17:42:38', '2022-05-18 17:42:38'),
(205, 54, 'menentukan URL saat ini', 1, '2022-05-18 17:42:38', '2022-05-18 17:42:38'),
(206, 54, 'tidak terjadi apa-apa, property invalid', 0, '2022-05-18 17:42:38', '2022-05-18 17:42:38'),
(207, 55, 'window.addListener(\"unload\", function() { });', 0, '2022-05-18 17:45:43', '2022-05-18 17:45:43'),
(208, 55, 'window.addEvent(\"unload\", function() { });', 0, '2022-05-18 17:45:43', '2022-05-18 17:45:43'),
(209, 55, 'window.addEventListener(\"unload\", function() { });', 1, '2022-05-18 17:45:43', '2022-05-18 17:45:43'),
(210, 55, 'window.addEventListener(\"leave\", function() { });', 0, '2022-05-18 17:45:44', '2022-05-18 17:45:44'),
(211, 56, 'PHP 4', 0, '2022-05-18 17:49:41', '2022-05-18 17:49:41'),
(212, 56, 'PHP 5', 1, '2022-05-18 17:49:46', '2022-05-18 17:49:46'),
(213, 56, 'PHP 6', 0, '2022-05-18 17:49:49', '2022-05-18 17:49:49'),
(214, 56, 'PHP 7', 0, '2022-05-18 17:49:49', '2022-05-18 17:49:49'),
(215, 57, 'for loop', 0, '2022-05-18 17:56:50', '2022-05-18 17:56:50'),
(216, 57, 'while loop', 0, '2022-05-18 17:56:50', '2022-05-18 17:56:50'),
(217, 57, 'do-while loop', 0, '2022-05-18 17:56:51', '2022-05-18 17:56:51'),
(218, 57, 'foreach loop', 1, '2022-05-18 17:56:51', '2022-05-18 17:56:51'),
(219, 58, 'glob()', 1, '2022-05-18 18:02:52', '2022-05-18 18:02:52'),
(220, 58, 'file()', 0, '2022-05-18 18:02:52', '2022-05-18 18:02:52'),
(221, 58, 'get_file()', 0, '2022-05-18 18:02:52', '2022-05-18 18:02:52'),
(222, 58, 'fold()', 0, '2022-05-18 18:02:52', '2022-05-18 18:02:52'),
(223, 59, 'sort()', 0, '2022-05-18 18:50:06', '2022-05-18 18:50:06'),
(224, 59, 'asort()', 0, '2022-05-18 18:50:06', '2022-05-18 18:50:06'),
(225, 59, 'rsort()', 1, '2022-05-18 18:50:07', '2022-05-18 18:50:07'),
(226, 59, 'dsort()', 0, '2022-05-18 18:50:07', '2022-05-18 18:50:07'),
(227, 60, 'Method overloading', 1, '2022-05-18 19:00:17', '2022-05-18 19:00:17'),
(228, 60, 'Inheritance', 0, '2022-05-18 19:00:17', '2022-05-18 19:00:17'),
(229, 60, 'Namespaces', 0, '2022-05-18 19:00:17', '2022-05-18 19:00:17'),
(230, 60, 'Object Cloning', 0, '2022-05-18 19:00:17', '2022-05-18 19:00:17'),
(231, 61, '_clone(targetObject);', 0, '2022-05-18 19:03:12', '2022-05-18 19:03:12'),
(232, 61, 'destinationObject = clone targetObject;', 1, '2022-05-18 19:03:12', '2022-05-18 19:03:12'),
(233, 61, 'destinationObject = _clone(targetObject);', 0, '2022-05-18 19:03:12', '2022-05-18 19:03:12'),
(234, 61, 'destinationObject = clone(targetObject);', 0, '2022-05-18 19:03:12', '2022-05-18 19:03:12'),
(235, 62, 'strtoupper()', 1, '2022-05-19 03:49:37', '2022-05-19 03:49:37'),
(236, 62, 'uppercase()', 0, '2022-05-19 03:49:37', '2022-05-19 03:49:37'),
(237, 62, 'str_uppercase()', 0, '2022-05-19 03:49:37', '2022-05-19 03:49:37'),
(238, 62, 'struppercase()', 0, '2022-05-19 03:49:37', '2022-05-19 03:49:37'),
(239, 63, 'OutOfBoundException', 0, '2022-05-19 03:58:56', '2022-05-19 03:58:56'),
(240, 63, 'OutOfRangeException', 0, '2022-05-19 03:58:56', '2022-05-19 03:58:56'),
(241, 63, 'OverflowException', 0, '2022-05-19 03:58:56', '2022-05-19 03:58:56'),
(242, 63, 'semua nya benar', 1, '2022-05-19 03:58:57', '2022-05-19 03:58:57'),
(243, 64, 'CREATE TABLE table_name (column_name column_type);', 1, '2022-05-19 04:03:12', '2022-05-19 04:03:12'),
(244, 64, 'CREATE table_name (column_type column_name);', 0, '2022-05-19 04:03:13', '2022-05-19 04:03:13'),
(245, 64, 'CREATE table_name (column_name column_type);', 0, '2022-05-19 04:03:13', '2022-05-19 04:03:13'),
(246, 64, 'CREATE TABLE table_name (column_type column_name);', 0, '2022-05-19 04:03:13', '2022-05-19 04:03:13'),
(247, 65, 'send_query()', 0, '2022-05-19 04:06:56', '2022-05-19 04:06:56'),
(248, 65, 'sendquery()', 0, '2022-05-19 04:06:56', '2022-05-19 04:06:56'),
(249, 65, 'query()', 1, '2022-05-19 04:06:56', '2022-05-19 04:06:56'),
(250, 65, 'query_send()', 0, '2022-05-19 04:06:57', '2022-05-19 04:06:57'),
(251, 66, 'Define, Create', 0, '2022-05-19 04:33:43', '2022-05-19 04:33:43'),
(252, 66, 'Drop, Comment', 0, '2022-05-19 04:33:43', '2022-05-19 04:33:43'),
(253, 66, 'Insert, Update, Delete', 1, '2022-05-19 04:33:43', '2022-05-19 04:33:43'),
(254, 66, 'semuanya benar', 0, '2022-05-19 04:33:43', '2022-05-19 04:33:43'),
(255, 67, 'Online analysis processing', 0, '2022-05-19 04:38:54', '2022-05-19 04:38:54'),
(256, 67, 'Online analytical processing', 1, '2022-05-19 04:38:54', '2022-05-19 04:38:54'),
(257, 67, 'Online aggregate processing', 0, '2022-05-19 04:38:54', '2022-05-19 04:38:54'),
(258, 67, 'Online transaction processing', 0, '2022-05-19 04:38:54', '2022-05-19 04:38:54'),
(259, 68, 'Function', 0, '2022-05-19 04:44:58', '2022-05-19 04:44:58'),
(260, 68, 'Procedure', 0, '2022-05-19 04:44:58', '2022-05-19 04:44:58'),
(261, 68, 'View', 1, '2022-05-19 04:44:59', '2022-05-19 04:44:59'),
(262, 68, 'Trigger', 0, '2022-05-19 04:44:59', '2022-05-19 04:44:59'),
(263, 69, 'View', 0, '2022-05-19 04:59:18', '2022-05-19 04:59:18'),
(264, 69, 'Commit', 1, '2022-05-19 04:59:18', '2022-05-19 04:59:18'),
(265, 69, 'Rollback', 0, '2022-05-19 04:59:18', '2022-05-19 04:59:18'),
(266, 69, 'Flashback', 0, '2022-05-19 04:59:18', '2022-05-19 04:59:18'),
(267, 70, 'tidak, karena index disimpan di RAM', 0, '2022-05-19 05:06:30', '2022-05-19 05:06:30'),
(268, 70, 'ya, karena index disimpan di hard disk', 1, '2022-05-19 05:06:30', '2022-05-19 05:06:30'),
(269, 70, 'tidak, index disimpan di web server', 0, '2022-05-19 05:06:30', '2022-05-19 05:06:30'),
(270, 70, 'index tidak memakan tempat di hard disk', 0, '2022-05-19 05:06:30', '2022-05-19 05:06:30'),
(271, 71, 'sentry', 0, '2022-05-19 06:04:17', '2022-05-19 06:04:17'),
(272, 71, 'kibana', 0, '2022-05-19 06:04:17', '2022-05-19 06:04:17'),
(273, 71, 'elastic APM', 0, '2022-05-19 06:04:17', '2022-05-19 06:04:17'),
(274, 71, 'R Programming', 1, '2022-05-19 06:04:17', '2022-05-19 06:04:17'),
(275, 72, 'Untuk meningkatkan kualitas layanan aplikasi', 1, '2022-05-19 06:08:58', '2022-05-19 06:08:58'),
(276, 72, 'agar aplikasi berjalan dengan baik', 1, '2022-05-19 06:08:59', '2022-05-19 06:08:59'),
(277, 72, 'untuk mengetahui bagian dari sistem yang perlu di tingkatkan', 1, '2022-05-19 06:08:59', '2022-05-19 06:08:59'),
(278, 72, 'Semua Benar', 1, '2022-05-19 06:09:00', '2022-05-19 06:09:00'),
(279, 73, 'database query', 0, '2022-05-19 06:12:54', '2022-05-19 06:12:54'),
(280, 73, 'Error tracing', 0, '2022-05-19 06:12:56', '2022-05-19 06:12:56'),
(281, 73, 'transaction tracing', 0, '2022-05-19 06:12:56', '2022-05-19 06:12:56'),
(282, 73, 'Queue Broker', 1, '2022-05-19 06:12:59', '2022-05-19 06:12:59'),
(283, 74, 'memberikan informasi kepada pengguna tentang halaman website', 0, '2022-05-19 06:28:36', '2022-05-19 06:28:36'),
(284, 74, 'mempercepat loading website', 0, '2022-05-19 06:28:37', '2022-05-19 06:28:37'),
(285, 74, 'memberikan informasi kepada search engine tentang halaman website', 1, '2022-05-19 06:28:39', '2022-05-19 06:28:39'),
(286, 74, 'supaya link bisa di bagikan di sosial media', 0, '2022-05-19 06:28:41', '2022-05-19 06:28:41'),
(287, 75, 'memberikan standar style komponen sebuah element pada website', 1, '2022-05-19 06:32:40', '2022-05-19 06:32:40'),
(288, 75, 'Mempercepat pengembangan tampilan webiste', 1, '2022-05-19 06:32:40', '2022-05-19 06:32:40'),
(289, 75, 'memiliki sistem GRID agar responsive', 1, '2022-05-19 06:32:41', '2022-05-19 06:32:41'),
(290, 75, 'semua benar', 1, '2022-05-19 06:32:41', '2022-05-19 06:32:41'),
(291, 76, 'Breakdown Metric', 0, '2022-05-19 07:09:41', '2022-05-19 07:09:41'),
(292, 76, 'Transaction Metric', 0, '2022-05-19 07:09:41', '2022-05-19 07:09:41'),
(293, 76, 'Service Destination Metric', 0, '2022-05-19 07:09:41', '2022-05-19 07:09:41'),
(294, 76, 'Host Metric', 1, '2022-05-19 07:09:42', '2022-05-19 07:09:42'),
(295, 77, 'kemampuan sistem untuk melakukan recovery jika ada masalah', 0, '2022-05-20 05:46:47', '2022-05-20 05:46:47'),
(296, 77, 'kemampuan sistem untuk menghasilkan laporan untuk keperluan analisa proses yang berjalan', 1, '2022-05-20 05:46:47', '2022-05-20 05:46:47'),
(297, 77, 'kemampuan sistem untuk mengukur status sistem saat ini berdasarkan data yang dihasilkannya, seperti log, metrik, dan jejak.', 1, '2022-05-20 05:46:47', '2022-05-20 05:46:47'),
(298, 77, 'kemampuan sistem untuk menhandle serangan dari hacker', 0, '2022-05-20 05:46:47', '2022-05-20 05:46:47'),
(299, 78, 'Log', 0, '2022-05-20 05:49:09', '2022-05-20 05:49:09'),
(300, 78, 'Metrik', 0, '2022-05-20 05:49:09', '2022-05-20 05:49:09'),
(301, 78, 'Traces', 0, '2022-05-20 05:49:09', '2022-05-20 05:49:09'),
(302, 78, 'PDF', 1, '2022-05-20 05:49:09', '2022-05-20 05:49:09'),
(303, 79, 'test', 1, '2022-06-11 10:51:58', '2022-06-11 10:51:58'),
(304, 79, 'sasas', 0, '2022-06-11 10:51:58', '2022-06-11 10:51:58'),
(305, 79, 'asasas', 0, '2022-06-11 10:51:58', '2022-06-11 10:51:58'),
(306, 79, 'sasa', 0, '2022-06-11 10:51:58', '2022-06-11 10:51:58'),
(307, 80, 'option 1', 1, '2022-06-11 10:53:29', '2022-06-11 10:53:29'),
(308, 80, 'option 2', 0, '2022-06-11 10:53:29', '2022-06-11 10:53:29'),
(309, 80, 'option 3', 0, '2022-06-11 10:53:29', '2022-06-11 10:53:29'),
(310, 80, 'option 4', 0, '2022-06-11 10:53:29', '2022-06-11 10:53:29'),
(311, 81, 'option a', 0, '2022-06-20 16:03:23', '2022-06-20 16:03:23'),
(312, 81, 'option b', 1, '2022-06-20 16:03:23', '2022-06-20 16:03:23'),
(313, 81, 'optin c', 0, '2022-06-20 16:03:23', '2022-06-20 16:03:23'),
(314, 81, 'option d', 0, '2022-06-20 16:03:23', '2022-06-20 16:03:23'),
(315, 82, 'Hasil akhirnya adalah 1', 0, '2022-06-22 19:01:49', '2022-06-22 19:01:49'),
(316, 82, 'Hasil akhirnya adalah $b', 1, '2022-06-22 19:01:49', '2022-06-22 19:01:49'),
(317, 82, 'hasil akhirnya adalah bambang', 0, '2022-06-22 19:01:49', '2022-06-22 19:01:49'),
(318, 82, 'hasilnya error', 0, '2022-06-22 19:01:49', '2022-06-22 19:01:49');

-- --------------------------------------------------------

--
-- Table structure for table `password_resets`
--

CREATE TABLE `password_resets` (
  `email` varchar(255) COLLATE utf8mb4_unicode_ci NOT NULL,
  `token` varchar(255) COLLATE utf8mb4_unicode_ci NOT NULL,
  `created_at` timestamp NULL DEFAULT NULL
) ENGINE=InnoDB DEFAULT CHARSET=utf8mb4 COLLATE=utf8mb4_unicode_ci;

-- --------------------------------------------------------

--
-- Table structure for table `permissions`
--

CREATE TABLE `permissions` (
  `id` bigint(20) UNSIGNED NOT NULL,
  `title` varchar(255) COLLATE utf8mb4_unicode_ci NOT NULL,
  `created_at` timestamp NULL DEFAULT NULL,
  `updated_at` timestamp NULL DEFAULT NULL
) ENGINE=InnoDB DEFAULT CHARSET=utf8mb4 COLLATE=utf8mb4_unicode_ci;

--
-- Dumping data for table `permissions`
--

INSERT INTO `permissions` (`id`, `title`, `created_at`, `updated_at`) VALUES
(1, 'user_management_access', NULL, NULL),
(2, 'user_management_create', NULL, NULL),
(3, 'user_management_edit', NULL, NULL),
(4, 'user_management_view', NULL, NULL),
(5, 'user_management_delete', NULL, NULL),
(6, 'permission_access', NULL, NULL),
(7, 'permission_create', NULL, NULL),
(8, 'permission_edit', NULL, NULL),
(9, 'permission_view', NULL, NULL),
(10, 'permission_delete', NULL, NULL),
(11, 'role_access', NULL, NULL),
(12, 'role_create', NULL, NULL),
(13, 'role_edit', NULL, NULL),
(14, 'role_view', NULL, NULL),
(15, 'role_delete', NULL, NULL),
(16, 'user_access', NULL, NULL),
(17, 'user_create', NULL, NULL),
(18, 'user_edit', NULL, NULL),
(19, 'user_view', NULL, NULL),
(20, 'user_delete', NULL, NULL);

-- --------------------------------------------------------

--
-- Table structure for table `permission_role`
--

CREATE TABLE `permission_role` (
  `id` bigint(20) UNSIGNED NOT NULL,
  `permission_id` bigint(20) UNSIGNED DEFAULT NULL,
  `role_id` bigint(20) UNSIGNED DEFAULT NULL,
  `created_at` timestamp NULL DEFAULT NULL,
  `updated_at` timestamp NULL DEFAULT NULL
) ENGINE=InnoDB DEFAULT CHARSET=utf8mb4 COLLATE=utf8mb4_unicode_ci;

--
-- Dumping data for table `permission_role`
--

INSERT INTO `permission_role` (`id`, `permission_id`, `role_id`, `created_at`, `updated_at`) VALUES
(1, 1, 1, NULL, NULL),
(2, 2, 1, NULL, NULL),
(3, 3, 1, NULL, NULL),
(4, 4, 1, NULL, NULL),
(5, 5, 1, NULL, NULL),
(6, 6, 1, NULL, NULL),
(7, 7, 1, NULL, NULL),
(8, 8, 1, NULL, NULL),
(9, 9, 1, NULL, NULL),
(10, 10, 1, NULL, NULL),
(11, 11, 1, NULL, NULL),
(12, 12, 1, NULL, NULL),
(13, 13, 1, NULL, NULL),
(14, 14, 1, NULL, NULL),
(15, 15, 1, NULL, NULL),
(16, 16, 1, NULL, NULL),
(17, 17, 1, NULL, NULL),
(18, 18, 1, NULL, NULL),
(19, 19, 1, NULL, NULL),
(20, 20, 1, NULL, NULL),
(21, 1, 2, NULL, NULL);

-- --------------------------------------------------------

--
-- Table structure for table `personal_access_tokens`
--

CREATE TABLE `personal_access_tokens` (
  `id` bigint(20) UNSIGNED NOT NULL,
  `tokenable_type` varchar(255) COLLATE utf8mb4_unicode_ci NOT NULL,
  `tokenable_id` bigint(20) UNSIGNED NOT NULL,
  `name` varchar(255) COLLATE utf8mb4_unicode_ci NOT NULL,
  `token` varchar(64) COLLATE utf8mb4_unicode_ci NOT NULL,
  `abilities` text COLLATE utf8mb4_unicode_ci,
  `last_used_at` timestamp NULL DEFAULT NULL,
  `created_at` timestamp NULL DEFAULT NULL,
  `updated_at` timestamp NULL DEFAULT NULL
) ENGINE=InnoDB DEFAULT CHARSET=utf8mb4 COLLATE=utf8mb4_unicode_ci;

-- --------------------------------------------------------

--
-- Table structure for table `questions`
--

CREATE TABLE `questions` (
  `id` bigint(20) UNSIGNED NOT NULL,
  `category_id` bigint(20) UNSIGNED NOT NULL,
  `question_text` longtext COLLATE utf8mb4_unicode_ci NOT NULL,
  `created_at` timestamp NULL DEFAULT NULL,
  `updated_at` timestamp NULL DEFAULT NULL,
  `topic_categori_id` int(11) DEFAULT NULL
) ENGINE=InnoDB DEFAULT CHARSET=utf8mb4 COLLATE=utf8mb4_unicode_ci;

--
-- Dumping data for table `questions`
--

INSERT INTO `questions` (`id`, `category_id`, `question_text`, `created_at`, `updated_at`, `topic_categori_id`) VALUES
(12, 7, 'Berikut ini adalah contoh tag dari semantic element, kecuali ?', '2022-04-20 08:13:12', '2022-06-11 10:45:20', 15),
(13, 7, 'Element semantic hadir sejak HTML versi berapa ?', '2022-04-20 08:16:33', '2022-06-11 11:25:05', 15),
(14, 7, 'ada berapa jenis selector pada HTML ?', '2022-04-20 08:38:53', '2022-06-11 11:25:14', 15),
(15, 7, 'fungsi meta tag adalah ?', '2022-04-20 10:31:24', '2022-06-11 11:25:30', 15),
(16, 7, 'Berikut ini merupakan selector pada CSS, kecuali ?', '2022-04-20 10:37:39', '2022-06-11 11:25:38', 15),
(17, 7, 'Apakah manfaat dari menggunakan HTML Framework seperti Bootstrap?', '2022-05-18 08:20:45', '2022-06-11 11:25:49', 15),
(18, 7, 'Apakah kepanjangan dari istilah \'px\' dalam ukuran layar?', '2022-05-18 08:27:03', '2022-06-11 11:26:12', 15),
(19, 7, 'Bagaimana cara menghubungkan semua halaman web dengan file style sheet yg bernama: mystyles.css ?', '2022-05-18 08:33:55', '2022-06-11 11:26:19', 15),
(22, 7, 'Perintah: border-radius: 1em 1.5em; akan menghasilkan apa ?', '2022-05-18 08:40:26', '2022-06-11 11:26:29', 15),
(23, 7, 'Apakah CSS property yang dipakai untuk membuat layout koran 3 kolom di halaman web ?', '2022-05-18 08:47:21', '2022-06-11 11:26:41', 15),
(24, 7, 'Apakah perintah CSS untuk mendefinisikan web font ?', '2022-05-18 08:53:12', '2022-06-11 11:27:02', 15),
(25, 7, 'Apa perintah CSS untuk menangkap semua device dengan ukuran lebar layar 800px s.d. 1600px?', '2022-05-18 09:08:15', '2022-06-11 11:27:07', 15),
(26, 7, 'Syntax yang benar dari media query adalah :', '2022-05-18 12:43:38', '2022-06-11 11:27:24', 15),
(27, 7, 'Dimanakah penerapan padding pada sebuah element ?', '2022-05-18 12:46:48', '2022-06-11 11:27:32', 15),
(28, 7, 'Dimanakah tempat menyimpan styles dan scripts dalam web page ?', '2022-05-18 12:55:48', '2022-06-11 11:27:51', 15),
(29, 7, 'Customer Anda ingin menitipkan link website-nya www.ptcv.com/~dona/  di website Anda. Bagaimana cara memberikan link tersebut di salah satu web page Anda?', '2022-05-18 13:06:16', '2022-06-11 11:28:01', 15),
(30, 7, 'Jenis pseudo-class apakah yang digunakan untuk memberi style link yang sudah pernah dikunjungi ?', '2022-05-18 13:14:15', '2022-06-11 11:28:38', 15),
(31, 7, 'Apakah pseudo-class style yang digunakan untuk menandai link yang telah diaktifkan oleh user dengan menggunakan keyboard saja, tanpa mouse.', '2022-05-18 13:35:04', '2022-06-11 11:28:50', 15),
(32, 7, 'Apakah yang bisa digunakan, jika Anda tidak ingin men-download dan menyimpan library di server Anda sendiri ?', '2022-05-18 13:42:41', '2022-06-11 12:52:13', 15),
(33, 7, 'Apakah kepanjangan MVC dalam arsitektur pemrograman ?', '2022-05-18 13:50:01', '2022-06-11 12:52:28', 17),
(34, 7, 'Sebutkan 3 JavaScript framework yang populer !', '2022-05-18 15:13:48', '2022-06-11 11:30:38', 16),
(35, 7, 'Jika sebuah string test berisikan tulisan The eagle has landed. maka berapakah nilai dari test.length ?', '2022-05-18 15:25:55', '2022-06-11 11:30:48', 16),
(36, 7, 'Jika sebuah string test berisikan tulisan The eagle has landed. maka statemen mana yang akan menghasilkan kata eagle ?', '2022-05-18 15:32:07', '2022-06-11 11:30:58', 16),
(37, 7, 'Berapa range dari angka acak yang dihasilkan oleh function Math.random ?', '2022-05-18 15:40:06', '2022-06-11 11:31:05', 16),
(38, 7, 'Saat user melihat webpage yang berisi program JavaScript, mesin mana yang mengeksekusi script tersebut ?', '2022-05-18 15:53:28', '2022-06-11 11:31:19', 16),
(39, 7, 'Apakah fungsi dari variables dalam program JavaScript ?', '2022-05-18 15:57:24', '2022-06-11 11:31:26', 16),
(40, 7, 'Manakah di bawah ini, yang tidak dapat dilakukan oleh JavaScript :', '2022-05-18 16:01:23', '2022-06-11 11:31:31', 16),
(41, 7, 'Manakah di bawah ini yang merupakan event handler ?', '2022-05-18 16:23:57', '2022-06-11 11:31:37', 16),
(42, 7, 'Di bawah ini, mana yang merupakan logical operator ?', '2022-05-18 16:28:31', '2022-06-11 11:31:47', 16),
(43, 7, 'Keyword apakah yang dipakai di JavaScript untuk membuat instance dari sebuah object ?', '2022-05-18 16:33:10', '2022-06-11 11:32:18', 16),
(44, 7, 'Apakah event handler untuk mendeteksi klik mouse pada suatu link ?', '2022-05-18 16:35:33', '2022-06-11 11:32:27', 16),
(45, 7, 'Metode mana yang akan menampilkan kotak dialog dengan tombol OK dan Cancel serta menunggu response user ?', '2022-05-18 16:39:27', '2022-06-11 11:32:33', 16),
(46, 7, 'Kapankah saat event handler load untuk elemen <body> mulai di-eksekusi ?', '2022-05-18 16:44:50', '2022-06-11 11:32:38', 16),
(47, 7, 'Dimanakah tempat terbaik untuk menyimpan kode JavaScript ?', '2022-05-18 16:48:22', '2022-06-11 11:32:46', 16),
(48, 7, 'Dimanakah posisi terbaik untuk memanggil script dalam HTML ?', '2022-05-18 16:52:59', '2022-06-11 11:32:57', 16),
(49, 7, 'Jika Anda bisa membuat script atau dengan CSS atau dengan HTML, manakah pilihan terbaik ?', '2022-05-18 17:13:13', '2022-06-11 11:33:15', 16),
(50, 7, 'Mengapa Anda harus mengetes webpage dengan mematikan JavaScript ?', '2022-05-18 17:17:26', '2022-06-16 03:17:57', 16),
(51, 7, 'Bagaimana cara membuat website yang mobile-friendly ?', '2022-05-18 17:20:33', '2022-06-11 11:34:01', 16),
(52, 7, 'Metode window.setTimeout melakukan apa ?', '2022-05-18 17:32:47', '2022-06-11 11:34:08', 16),
(53, 7, 'Manakah syntax yang benar untuk mengambil object DOM sebuah heading dengan nama heading1 ?', '2022-05-18 17:38:41', '2022-06-11 11:34:15', 16),
(54, 7, 'Apakah yang dilakukan oleh property document.URL ?', '2022-05-18 17:42:37', '2022-06-11 11:34:23', 16),
(55, 7, 'Bagaimana cara menuliskan event yang terjadi saat user meninggalkan halaman ?', '2022-05-18 17:45:43', '2022-06-11 11:34:29', 16),
(56, 7, 'PHP versi berapa yang mulai mendukung Exception Handling ?', '2022-05-18 17:49:36', '2022-06-11 11:34:36', 16),
(57, 7, 'Statement looping manakah yang tidak didukung oleh PHP ?', '2022-05-18 17:56:49', '2022-06-11 11:34:44', 17),
(58, 7, 'Apakah Fungsi PHP yang dapat dipakai untuk mencari file ?', '2022-05-18 18:02:48', '2022-06-11 11:35:24', 17),
(59, 7, 'Fungsi yang digunakan untuk melakukan sorting pada array dengan urutan descending ?', '2022-05-18 18:50:05', '2022-06-11 11:35:31', 17),
(60, 7, 'Manakah fitur tingkat lanjut OOP yang tidak didukung oleh PHP ?', '2022-05-18 19:00:15', '2022-06-11 11:35:38', 17),
(61, 7, 'Manakah cara yang tepat untuk melakukan clone pada object?', '2022-05-18 19:03:07', '2022-06-11 11:35:45', 17),
(62, 7, 'Fungsi mana yang akan mengubah sebuah string menjadi huruf besar semua?', '2022-05-19 03:49:36', '2022-06-11 11:35:54', 17),
(63, 7, 'Di bawah ini, manakah yang termasuk exception?', '2022-05-19 03:58:56', '2022-06-11 11:36:02', 17),
(64, 7, 'Perintah SQL untuk membuat tabel adalah :', '2022-05-19 04:03:12', '2022-06-11 11:39:25', 19),
(65, 7, 'Di bawah ini, manakah metode untuk melakukan query ke database ?', '2022-05-19 04:06:56', '2022-06-11 11:39:34', 19),
(66, 7, 'Perintah SQL apa sajakah yang bisa dilakukan setelah triggers ?', '2022-05-19 04:33:43', '2022-06-11 11:39:40', 19),
(67, 7, 'Apa kepanjangan dari OLAP ?', '2022-05-19 04:38:54', '2022-06-11 11:39:51', 17),
(68, 7, 'Manakah di bawah ini yang membuat relasi virtual untuk menyimpan query ?', '2022-05-19 04:44:58', '2022-06-11 12:52:59', 16),
(69, 7, 'Perintah manakah yang akan membuat transaksi permanen dalam database ?', '2022-05-19 04:59:17', '2022-06-11 12:53:18', 19),
(70, 7, 'Apakah index memakan tempat di storage/hard disk ?', '2022-05-19 05:06:30', '2022-06-11 11:41:41', 19),
(71, 7, 'berikut ini adalah beberapa tools monitoring, kecuali ?', '2022-05-19 06:04:16', '2022-06-16 03:17:35', 20),
(72, 7, 'Kenapa Monitoring Aplikasi Itu Penting ?', '2022-05-19 06:08:58', '2022-06-11 11:41:56', 20),
(73, 7, 'berikut ini adalah unit yang didukung oleh Elastic APM Service, kecuali ?', '2022-05-19 06:12:54', '2022-06-11 11:42:03', 20),
(74, 9, 'Metatag pada HTML Berguna untuk ?', '2022-05-19 06:28:35', '2022-06-11 11:42:12', 15),
(75, 9, 'Apa keuntungan menggunakan framework CSS ?', '2022-05-19 06:32:38', '2022-06-11 11:42:23', 15),
(76, 7, 'Berikut ini adalah beberapa jenis calculated metrik yang digunakan oleh elastic, kecuali ?', '2022-05-19 07:09:40', '2022-06-11 11:42:39', 20),
(77, 7, 'Dalam dunia IT, Observability adalah ?', '2022-05-20 05:46:47', '2022-06-11 11:42:45', 20),
(78, 7, 'berikut ini adalah jenis informasi yang di analisa pada sistem observability, kecuali ?', '2022-05-20 05:49:09', '2022-06-11 11:42:59', 20),
(79, 17, 'sasasa', '2022-06-11 10:51:58', '2022-06-11 10:52:51', 18),
(80, 17, 'soal kedua', '2022-06-11 10:53:29', '2022-06-11 10:53:29', 18),
(81, 8, 'ada yang adimaksudn dengan semantic element', '2022-06-20 16:03:23', '2022-06-20 16:03:23', 21),
(82, 8, '<pre>\r\n<code>apakah hasil akhir dari variabel $i ?\r\n&lt;?php\r\n$i =1;\r\n$b = &quot;Bambang&quot;;\r\n$i = &#39;$b&#39;;\r\n?&gt;</code></pre>', '2022-06-22 19:01:49', '2022-06-22 19:01:49', 21);

-- --------------------------------------------------------

--
-- Table structure for table `question_result`
--

CREATE TABLE `question_result` (
  `id` bigint(20) UNSIGNED NOT NULL,
  `result_id` bigint(20) UNSIGNED NOT NULL,
  `question_id` bigint(20) UNSIGNED NOT NULL,
  `option_id` bigint(20) UNSIGNED DEFAULT NULL,
  `points` int(11) NOT NULL DEFAULT '0',
  `created_at` timestamp NULL DEFAULT NULL,
  `updated_at` timestamp NULL DEFAULT NULL
) ENGINE=InnoDB DEFAULT CHARSET=utf8mb4 COLLATE=utf8mb4_unicode_ci;

--
-- Dumping data for table `question_result`
--

INSERT INTO `question_result` (`id`, `result_id`, `question_id`, `option_id`, `points`, `created_at`, `updated_at`) VALUES
(62, 2, 13, 49, 0, NULL, NULL),
(63, 2, 14, 50, 1, NULL, NULL),
(64, 2, 15, 56, 0, NULL, NULL),
(65, 2, 16, 58, 1, NULL, NULL),
(66, 2, 12, 59, 0, NULL, NULL),
(67, 2, 17, 66, 0, NULL, NULL),
(68, 2, 18, 68, 1, NULL, NULL),
(69, 2, 19, 74, 1, NULL, NULL),
(70, 2, 22, 75, 0, NULL, NULL),
(71, 2, 23, 79, 0, NULL, NULL),
(72, 2, 24, 86, 1, NULL, NULL),
(73, 2, 25, 88, 0, NULL, NULL),
(74, 2, 26, 91, 0, NULL, NULL),
(75, 2, 27, 96, 0, NULL, NULL),
(76, 2, 28, 99, 1, NULL, NULL),
(77, 2, 29, 104, 1, NULL, NULL),
(78, 2, 30, 108, 1, NULL, NULL),
(79, 2, 31, 113, 0, NULL, NULL),
(80, 2, 32, 118, 1, NULL, NULL),
(81, 2, 33, 122, 1, NULL, NULL),
(82, 2, 34, 124, 1, NULL, NULL),
(83, 2, 35, 129, 0, NULL, NULL),
(84, 2, 36, 132, 0, NULL, NULL),
(85, 2, 37, 138, 0, NULL, NULL),
(86, 2, 38, 139, 1, NULL, NULL),
(87, 2, 39, 146, 1, NULL, NULL),
(88, 2, 40, 147, 0, NULL, NULL),
(89, 2, 41, 153, 1, NULL, NULL),
(90, 2, 42, 158, 1, NULL, NULL),
(91, 2, 43, 160, 1, NULL, NULL),
(92, 2, 44, 165, 1, NULL, NULL),
(93, 2, 45, 168, 1, NULL, NULL),
(94, 2, 46, 172, 1, NULL, NULL),
(95, 2, 47, 177, 1, NULL, NULL),
(96, 2, 48, 181, 1, NULL, NULL),
(97, 2, 49, 183, 1, NULL, NULL),
(98, 2, 50, 190, 0, NULL, NULL),
(99, 2, 51, 192, 1, NULL, NULL),
(100, 2, 52, 195, 1, NULL, NULL),
(101, 2, 53, 199, 1, NULL, NULL),
(102, 2, 54, 204, 0, NULL, NULL),
(103, 2, 55, 207, 0, NULL, NULL),
(104, 2, 56, 212, 1, NULL, NULL),
(105, 2, 57, 216, 0, NULL, NULL),
(106, 2, 58, 220, 0, NULL, NULL),
(107, 2, 59, 224, 0, NULL, NULL),
(108, 2, 60, 227, 1, NULL, NULL),
(109, 2, 61, 231, 0, NULL, NULL),
(110, 2, 62, 235, 1, NULL, NULL),
(111, 2, 63, 242, 1, NULL, NULL),
(112, 2, 64, 243, 1, NULL, NULL),
(113, 2, 65, 249, 1, NULL, NULL),
(114, 2, 66, 253, 1, NULL, NULL),
(115, 2, 67, 256, 1, NULL, NULL),
(116, 2, 68, 261, 1, NULL, NULL),
(117, 2, 69, 264, 1, NULL, NULL),
(118, 2, 70, 270, 0, NULL, NULL),
(119, 2, 71, 274, 1, NULL, NULL),
(120, 2, 72, 278, 1, NULL, NULL),
(121, 2, 73, 282, 1, NULL, NULL),
(122, 2, 76, 293, 0, NULL, NULL),
(123, 2, 77, 297, 1, NULL, NULL),
(124, 2, 78, 302, 1, NULL, NULL),
(125, 3, 13, 46, 1, NULL, NULL),
(126, 3, 14, 50, 1, NULL, NULL),
(127, 3, 15, 54, 1, NULL, NULL),
(128, 3, 12, 59, 0, NULL, NULL),
(129, 3, 16, 62, 0, NULL, NULL),
(130, 3, 17, 66, 0, NULL, NULL),
(131, 3, 18, 68, 1, NULL, NULL),
(132, 3, 19, 74, 1, NULL, NULL),
(133, 3, 22, 76, 1, NULL, NULL),
(134, 3, 23, 79, 0, NULL, NULL),
(135, 3, 24, 85, 0, NULL, NULL),
(136, 3, 25, 89, 0, NULL, NULL),
(137, 3, 26, 92, 1, NULL, NULL),
(138, 3, 27, 95, 1, NULL, NULL),
(139, 3, 28, 99, 1, NULL, NULL),
(140, 3, 29, 104, 1, NULL, NULL),
(141, 3, 30, 108, 1, NULL, NULL),
(142, 3, 31, 114, 1, NULL, NULL),
(143, 3, 32, 118, 1, NULL, NULL),
(144, 3, 33, 122, 1, NULL, NULL),
(145, 3, 34, 124, 1, NULL, NULL),
(146, 3, 35, 129, 0, NULL, NULL),
(147, 3, 36, 131, 1, NULL, NULL),
(148, 3, 37, 136, 0, NULL, NULL),
(149, 3, 38, 139, 1, NULL, NULL),
(150, 3, 39, 146, 1, NULL, NULL),
(151, 3, 40, 147, 0, NULL, NULL),
(152, 3, 41, 153, 1, NULL, NULL),
(153, 3, 42, 158, 1, NULL, NULL),
(154, 3, 43, 160, 1, NULL, NULL),
(155, 3, 44, 165, 1, NULL, NULL),
(156, 3, 45, 168, 1, NULL, NULL),
(157, 3, 46, 172, 1, NULL, NULL),
(158, 3, 47, 177, 1, NULL, NULL),
(159, 3, 48, 181, 1, NULL, NULL),
(160, 3, 49, 183, 1, NULL, NULL),
(161, 3, 50, 189, 1, NULL, NULL),
(162, 3, 51, 192, 1, NULL, NULL),
(163, 3, 52, 195, 1, NULL, NULL),
(164, 3, 53, 199, 1, NULL, NULL),
(165, 3, 54, 206, 0, NULL, NULL),
(166, 3, 55, 210, 0, NULL, NULL),
(167, 3, 56, 211, 0, NULL, NULL),
(168, 3, 57, 217, 0, NULL, NULL),
(169, 3, 58, 221, 0, NULL, NULL),
(170, 3, 59, 224, 0, NULL, NULL),
(171, 3, 60, 227, 1, NULL, NULL),
(172, 3, 61, 232, 1, NULL, NULL),
(173, 3, 62, 235, 1, NULL, NULL),
(174, 3, 63, 242, 1, NULL, NULL),
(175, 3, 64, 243, 1, NULL, NULL),
(176, 3, 65, 249, 1, NULL, NULL),
(177, 3, 66, 253, 1, NULL, NULL),
(178, 3, 67, 256, 1, NULL, NULL),
(179, 3, 68, 261, 1, NULL, NULL),
(180, 3, 69, 264, 1, NULL, NULL),
(181, 3, 70, 268, 1, NULL, NULL),
(182, 3, 71, 274, 1, NULL, NULL),
(183, 3, 72, 278, 1, NULL, NULL),
(184, 3, 73, 279, 0, NULL, NULL),
(185, 3, 76, 293, 0, NULL, NULL),
(186, 3, 77, 297, 1, NULL, NULL),
(187, 3, 78, 302, 1, NULL, NULL),
(188, 4, 12, 43, 0, NULL, NULL),
(189, 4, 13, 46, 1, NULL, NULL),
(190, 4, 14, 52, 0, NULL, NULL),
(191, 4, 15, 54, 1, NULL, NULL),
(192, 4, 16, 60, 0, NULL, NULL),
(193, 4, 17, 65, 1, NULL, NULL),
(194, 4, 18, 68, 1, NULL, NULL),
(195, 4, 19, 74, 1, NULL, NULL),
(196, 4, 22, 76, 1, NULL, NULL),
(197, 4, 23, 79, 0, NULL, NULL),
(198, 4, 24, 85, 0, NULL, NULL),
(199, 4, 25, 89, 0, NULL, NULL),
(200, 4, 26, 92, 1, NULL, NULL),
(201, 4, 27, 96, 0, NULL, NULL),
(202, 4, 28, 100, 0, NULL, NULL),
(203, 4, 29, 104, 1, NULL, NULL),
(204, 4, 30, 108, 1, NULL, NULL),
(205, 4, 31, 113, 0, NULL, NULL),
(206, 4, 32, 118, 1, NULL, NULL),
(207, 4, 33, 122, 1, NULL, NULL),
(208, 4, 34, 124, 1, NULL, NULL),
(209, 4, 35, 130, 1, NULL, NULL),
(210, 4, 36, 131, 1, NULL, NULL),
(211, 4, 37, 135, 0, NULL, NULL),
(212, 4, 38, 139, 1, NULL, NULL),
(213, 4, 39, 146, 1, NULL, NULL),
(214, 4, 40, 147, 0, NULL, NULL),
(215, 4, 41, 153, 1, NULL, NULL),
(216, 4, 42, 158, 1, NULL, NULL),
(217, 4, 43, 160, 1, NULL, NULL),
(218, 4, 44, 165, 1, NULL, NULL),
(219, 4, 45, 167, 0, NULL, NULL),
(220, 4, 46, 173, 0, NULL, NULL),
(221, 4, 47, 177, 1, NULL, NULL),
(222, 4, 48, 182, 0, NULL, NULL),
(223, 4, 49, 183, 1, NULL, NULL),
(224, 4, 50, 189, 1, NULL, NULL),
(225, 4, 51, 192, 1, NULL, NULL),
(226, 4, 52, 197, 0, NULL, NULL),
(227, 4, 53, 199, 1, NULL, NULL),
(228, 4, 54, 206, 0, NULL, NULL),
(229, 4, 55, 207, 0, NULL, NULL),
(230, 4, 56, 211, 0, NULL, NULL),
(231, 4, 57, 216, 0, NULL, NULL),
(232, 4, 58, 221, 0, NULL, NULL),
(233, 4, 59, 226, 0, NULL, NULL),
(234, 4, 60, 230, 0, NULL, NULL),
(235, 4, 61, 234, 0, NULL, NULL),
(236, 4, 62, 235, 1, NULL, NULL),
(237, 4, 63, 242, 1, NULL, NULL),
(238, 4, 64, 243, 1, NULL, NULL),
(239, 4, 65, 249, 1, NULL, NULL),
(240, 4, 66, 254, 0, NULL, NULL),
(241, 4, 67, 255, 0, NULL, NULL),
(242, 4, 68, 262, 0, NULL, NULL),
(243, 4, 69, 264, 1, NULL, NULL),
(244, 4, 70, 267, 0, NULL, NULL),
(245, 4, 71, 274, 1, NULL, NULL),
(246, 4, 72, 278, 1, NULL, NULL),
(247, 4, 73, 279, 0, NULL, NULL),
(248, 4, 76, 293, 0, NULL, NULL),
(249, 4, 77, 297, 1, NULL, NULL),
(250, 4, 78, 302, 1, NULL, NULL),
(251, 5, 12, 45, 1, NULL, NULL),
(252, 5, 13, 46, 1, NULL, NULL),
(253, 5, 14, 51, 0, NULL, NULL),
(254, 5, 15, 57, 0, NULL, NULL),
(255, 5, 16, 62, 0, NULL, NULL),
(256, 5, 17, 64, 0, NULL, NULL),
(257, 5, 18, 70, 0, NULL, NULL),
(258, 5, 19, 74, 1, NULL, NULL),
(259, 5, 22, 75, 0, NULL, NULL),
(260, 5, 23, 79, 0, NULL, NULL),
(261, 5, 24, 86, 1, NULL, NULL),
(262, 5, 25, 87, 1, NULL, NULL),
(263, 5, 26, 93, 0, NULL, NULL),
(264, 5, 27, 95, 1, NULL, NULL),
(265, 5, 28, 100, 0, NULL, NULL),
(266, 5, 29, 104, 1, NULL, NULL),
(267, 5, 30, 108, 1, NULL, NULL),
(268, 5, 31, 114, 1, NULL, NULL),
(269, 5, 32, 118, 1, NULL, NULL),
(270, 5, 33, 122, 1, NULL, NULL),
(271, 5, 34, 124, 1, NULL, NULL),
(272, 5, 35, 130, 1, NULL, NULL),
(273, 5, 36, 132, 0, NULL, NULL),
(274, 5, 37, 136, 0, NULL, NULL),
(275, 5, 38, 139, 1, NULL, NULL),
(276, 5, 39, 146, 1, NULL, NULL),
(277, 5, 40, 149, 1, NULL, NULL),
(278, 5, 41, 153, 1, NULL, NULL),
(279, 5, 42, 158, 1, NULL, NULL),
(280, 5, 43, 160, 1, NULL, NULL),
(281, 5, 44, 165, 1, NULL, NULL),
(282, 5, 45, 169, 0, NULL, NULL),
(283, 5, 46, 172, 1, NULL, NULL),
(284, 5, 47, 177, 1, NULL, NULL),
(285, 5, 48, 181, 1, NULL, NULL),
(286, 5, 49, 183, 1, NULL, NULL),
(287, 5, 50, 189, 1, NULL, NULL),
(288, 5, 51, 192, 1, NULL, NULL),
(289, 5, 52, 197, 0, NULL, NULL),
(290, 5, 53, 199, 1, NULL, NULL),
(291, 5, 54, 205, 1, NULL, NULL),
(292, 5, 55, 210, 0, NULL, NULL),
(293, 5, 56, 212, 1, NULL, NULL),
(294, 5, 57, 217, 0, NULL, NULL),
(295, 5, 58, 220, 0, NULL, NULL),
(296, 5, 59, 226, 0, NULL, NULL),
(297, 5, 60, 230, 0, NULL, NULL),
(298, 5, 61, 234, 0, NULL, NULL),
(299, 5, 62, 235, 1, NULL, NULL),
(300, 5, 63, 241, 0, NULL, NULL),
(301, 5, 64, 243, 1, NULL, NULL),
(302, 5, 65, 249, 1, NULL, NULL),
(303, 5, 66, 253, 1, NULL, NULL),
(304, 5, 67, 255, 0, NULL, NULL),
(305, 5, 68, 259, 0, NULL, NULL),
(306, 5, 69, 264, 1, NULL, NULL),
(307, 5, 70, 269, 0, NULL, NULL),
(308, 5, 71, 271, 0, NULL, NULL),
(309, 5, 72, 278, 1, NULL, NULL),
(310, 5, 73, 282, 1, NULL, NULL),
(311, 5, 76, 294, 1, NULL, NULL),
(312, 5, 77, 297, 1, NULL, NULL),
(313, 5, 78, 302, 1, NULL, NULL),
(314, 6, 12, 45, 1, NULL, NULL),
(315, 6, 13, 46, 1, NULL, NULL),
(316, 6, 14, 50, 1, NULL, NULL),
(317, 6, 15, 56, 0, NULL, NULL),
(318, 6, 16, 58, 1, NULL, NULL),
(319, 6, 17, 66, 0, NULL, NULL),
(320, 6, 18, 68, 1, NULL, NULL),
(321, 6, 19, 74, 1, NULL, NULL),
(322, 6, 22, 75, 0, NULL, NULL),
(323, 6, 23, 79, 0, NULL, NULL),
(324, 6, 24, 85, 0, NULL, NULL),
(325, 6, 25, 88, 0, NULL, NULL),
(326, 6, 26, 91, 0, NULL, NULL),
(327, 6, 27, 97, 0, NULL, NULL),
(328, 6, 28, 101, 0, NULL, NULL),
(329, 7, 13, 47, 0, NULL, NULL),
(330, 6, 29, 104, 1, NULL, NULL),
(331, 7, 14, 50, 1, NULL, NULL),
(332, 6, 30, 108, 1, NULL, NULL),
(333, 7, 15, 56, 0, NULL, NULL),
(334, 6, 31, 114, 1, NULL, NULL),
(335, 7, 12, 59, 0, NULL, NULL),
(336, 6, 32, 118, 1, NULL, NULL),
(337, 7, 16, 62, 0, NULL, NULL),
(338, 6, 33, 122, 1, NULL, NULL),
(339, 7, 17, 65, 1, NULL, NULL),
(340, 6, 34, 124, 1, NULL, NULL),
(341, 7, 18, 68, 1, NULL, NULL),
(342, 6, 35, 130, 1, NULL, NULL),
(343, 7, 19, 72, 0, NULL, NULL),
(344, 6, 36, 131, 1, NULL, NULL),
(345, 7, 22, 75, 0, NULL, NULL),
(346, 6, 37, 136, 0, NULL, NULL),
(347, 7, 23, 79, 0, NULL, NULL),
(348, 6, 38, 140, 0, NULL, NULL),
(349, 7, 24, 85, 0, NULL, NULL),
(350, 6, 39, 146, 1, NULL, NULL),
(351, 7, 25, 89, 0, NULL, NULL),
(352, 6, 40, 147, 0, NULL, NULL),
(353, 6, 41, 153, 1, NULL, NULL),
(354, 7, 26, 92, 1, NULL, NULL),
(355, 6, 42, 158, 1, NULL, NULL),
(356, 7, 27, 96, 0, NULL, NULL),
(357, 7, 28, 99, 1, NULL, NULL),
(358, 6, 43, 160, 1, NULL, NULL),
(359, 7, 29, 104, 1, NULL, NULL),
(360, 6, 44, 165, 1, NULL, NULL),
(361, 6, 45, 170, 0, NULL, NULL),
(362, 7, 30, 108, 1, NULL, NULL),
(363, 6, 46, 172, 1, NULL, NULL),
(364, 7, 31, 113, 0, NULL, NULL),
(365, 7, 32, 118, 1, NULL, NULL),
(366, 6, 47, 177, 1, NULL, NULL),
(367, 7, 33, 122, 1, NULL, NULL),
(368, 6, 48, 182, 0, NULL, NULL),
(369, 7, 34, 124, 1, NULL, NULL),
(370, 6, 49, 183, 1, NULL, NULL),
(371, 7, 35, 129, 0, NULL, NULL),
(372, 6, 50, 189, 1, NULL, NULL),
(373, 7, 36, 132, 0, NULL, NULL),
(374, 6, 51, 194, 0, NULL, NULL),
(375, 7, 37, 137, 1, NULL, NULL),
(376, 6, 52, 195, 1, NULL, NULL),
(377, 7, 38, 139, 1, NULL, NULL),
(378, 6, 53, 199, 1, NULL, NULL),
(379, 7, 39, 146, 1, NULL, NULL),
(380, 6, 54, 203, 0, NULL, NULL),
(381, 7, 40, 147, 0, NULL, NULL),
(382, 6, 55, 208, 0, NULL, NULL),
(383, 7, 41, 151, 0, NULL, NULL),
(384, 6, 56, 212, 1, NULL, NULL),
(385, 7, 42, 158, 1, NULL, NULL),
(386, 6, 57, 217, 0, NULL, NULL),
(387, 7, 43, 160, 1, NULL, NULL),
(388, 6, 58, 221, 0, NULL, NULL),
(389, 7, 44, 165, 1, NULL, NULL),
(390, 6, 59, 226, 0, NULL, NULL),
(391, 7, 45, 170, 0, NULL, NULL),
(392, 6, 60, 227, 1, NULL, NULL),
(393, 7, 46, 173, 0, NULL, NULL),
(394, 6, 61, 234, 0, NULL, NULL),
(395, 7, 47, 177, 1, NULL, NULL),
(396, 6, 62, 235, 1, NULL, NULL),
(397, 7, 48, 179, 0, NULL, NULL),
(398, 6, 63, 242, 1, NULL, NULL),
(399, 7, 49, 183, 1, NULL, NULL),
(400, 6, 64, 243, 1, NULL, NULL),
(401, 7, 50, 189, 1, NULL, NULL),
(402, 6, 65, 249, 1, NULL, NULL),
(403, 7, 51, 192, 1, NULL, NULL),
(404, 6, 66, 253, 1, NULL, NULL),
(405, 7, 52, 197, 0, NULL, NULL),
(406, 6, 67, 255, 0, NULL, NULL),
(407, 7, 53, 199, 1, NULL, NULL),
(408, 6, 68, 261, 1, NULL, NULL),
(409, 7, 54, 203, 0, NULL, NULL),
(410, 6, 69, 264, 1, NULL, NULL),
(411, 7, 55, 210, 0, NULL, NULL),
(412, 6, 70, 267, 0, NULL, NULL),
(413, 7, 56, 214, 0, NULL, NULL),
(414, 6, 71, 274, 1, NULL, NULL),
(415, 7, 57, 218, 1, NULL, NULL),
(416, 6, 72, 278, 1, NULL, NULL),
(417, 7, 58, 221, 0, NULL, NULL),
(418, 6, 73, 279, 0, NULL, NULL),
(419, 7, 59, 226, 0, NULL, NULL),
(420, 6, 76, 293, 0, NULL, NULL),
(421, 7, 60, 228, 0, NULL, NULL),
(422, 6, 77, 296, 1, NULL, NULL),
(423, 7, 61, 234, 0, NULL, NULL),
(424, 6, 78, 302, 1, NULL, NULL),
(425, 7, 62, 236, 0, NULL, NULL),
(426, 7, 63, 242, 1, NULL, NULL),
(427, 7, 64, 243, 1, NULL, NULL),
(428, 7, 65, 249, 1, NULL, NULL),
(429, 7, 66, 253, 1, NULL, NULL),
(430, 7, 67, 256, 1, NULL, NULL),
(431, 7, 68, 261, 1, NULL, NULL),
(432, 7, 69, 264, 1, NULL, NULL),
(433, 7, 70, 268, 1, NULL, NULL),
(434, 7, 71, 274, 1, NULL, NULL),
(435, 7, 72, 275, 1, NULL, NULL),
(436, 7, 73, 280, 0, NULL, NULL),
(437, 7, 76, 294, 1, NULL, NULL),
(438, 7, 77, 297, 1, NULL, NULL),
(439, 7, 78, 302, 1, NULL, NULL),
(440, 8, 12, 44, 0, NULL, NULL),
(441, 8, 13, 46, 1, NULL, NULL),
(442, 8, 14, 53, 0, NULL, NULL),
(443, 8, 15, 56, 0, NULL, NULL),
(444, 8, 16, 58, 1, NULL, NULL),
(445, 8, 17, 65, 1, NULL, NULL),
(446, 8, 18, 68, 1, NULL, NULL),
(447, 8, 19, 74, 1, NULL, NULL),
(448, 8, 22, 75, 0, NULL, NULL),
(449, 8, 23, 79, 0, NULL, NULL),
(450, 8, 24, 85, 0, NULL, NULL),
(451, 8, 25, 87, 1, NULL, NULL),
(452, 8, 26, 94, 0, NULL, NULL),
(453, 8, 27, 95, 1, NULL, NULL),
(454, 8, 28, 99, 1, NULL, NULL),
(455, 8, 29, 104, 1, NULL, NULL),
(456, 8, 30, 108, 1, NULL, NULL),
(457, 8, 31, 114, 1, NULL, NULL),
(458, 8, 32, 118, 1, NULL, NULL),
(459, 8, 33, 122, 1, NULL, NULL),
(460, 8, 34, 124, 1, NULL, NULL),
(461, 8, 35, 130, 1, NULL, NULL),
(462, 8, 36, 131, 1, NULL, NULL),
(463, 8, 37, 138, 0, NULL, NULL),
(464, 8, 38, 141, 0, NULL, NULL),
(465, 8, 39, 146, 1, NULL, NULL),
(466, 8, 40, 150, 0, NULL, NULL),
(467, 8, 41, 153, 1, NULL, NULL),
(468, 8, 42, 156, 0, NULL, NULL),
(469, 8, 43, 160, 1, NULL, NULL),
(470, 8, 44, 163, 0, NULL, NULL),
(471, 8, 45, 170, 0, NULL, NULL),
(472, 8, 46, 173, 0, NULL, NULL),
(473, 8, 47, 177, 1, NULL, NULL),
(474, 8, 48, 181, 1, NULL, NULL),
(475, 8, 49, 183, 1, NULL, NULL),
(476, 8, 50, 189, 1, NULL, NULL),
(477, 8, 51, 194, 0, NULL, NULL),
(478, 8, 52, 197, 0, NULL, NULL),
(479, 8, 53, 199, 1, NULL, NULL),
(480, 8, 54, 206, 0, NULL, NULL),
(481, 8, 55, 210, 0, NULL, NULL),
(482, 8, 56, 212, 1, NULL, NULL),
(483, 8, 57, 217, 0, NULL, NULL),
(484, 8, 58, 221, 0, NULL, NULL),
(485, 8, 59, 226, 0, NULL, NULL),
(486, 8, 60, 230, 0, NULL, NULL),
(487, 8, 61, 234, 0, NULL, NULL),
(488, 8, 62, 235, 1, NULL, NULL),
(489, 8, 63, 242, 1, NULL, NULL),
(490, 8, 64, 243, 1, NULL, NULL),
(491, 8, 65, 249, 1, NULL, NULL),
(492, 8, 66, 253, 1, NULL, NULL),
(493, 8, 67, 257, 0, NULL, NULL),
(494, 8, 68, 260, 0, NULL, NULL),
(495, 8, 69, 264, 1, NULL, NULL),
(496, 8, 70, 268, 1, NULL, NULL),
(497, 8, 71, 274, 1, NULL, NULL),
(498, 8, 72, 278, 1, NULL, NULL),
(499, 8, 73, 282, 1, NULL, NULL),
(500, 8, 76, 294, 1, NULL, NULL),
(501, 8, 77, 297, 1, NULL, NULL),
(502, 8, 78, 301, 0, NULL, NULL),
(503, 9, 13, 46, 1, NULL, NULL),
(504, 9, 14, 50, 1, NULL, NULL),
(505, 9, 15, 54, 1, NULL, NULL),
(506, 9, 12, 59, 0, NULL, NULL),
(507, 9, 16, 62, 0, NULL, NULL),
(508, 9, 17, 65, 1, NULL, NULL),
(509, 9, 18, 68, 1, NULL, NULL),
(510, 9, 19, 74, 1, NULL, NULL),
(511, 9, 22, 76, 1, NULL, NULL),
(512, 9, 23, 79, 0, NULL, NULL),
(513, 9, 24, 86, 1, NULL, NULL),
(514, 9, 25, 89, 0, NULL, NULL),
(515, 9, 26, 92, 1, NULL, NULL),
(516, 9, 27, 96, 0, NULL, NULL),
(517, 9, 28, 99, 1, NULL, NULL),
(518, 9, 29, 104, 1, NULL, NULL),
(519, 9, 30, 108, 1, NULL, NULL),
(520, 9, 31, 114, 1, NULL, NULL),
(521, 9, 32, 118, 1, NULL, NULL),
(522, 9, 33, 122, 1, NULL, NULL),
(523, 9, 34, 124, 1, NULL, NULL),
(524, 9, 35, 129, 0, NULL, NULL),
(525, 9, 36, 131, 1, NULL, NULL),
(526, 9, 37, 136, 0, NULL, NULL),
(527, 9, 38, 139, 1, NULL, NULL),
(528, 9, 39, 146, 1, NULL, NULL),
(529, 9, 40, 147, 0, NULL, NULL),
(530, 9, 41, 153, 1, NULL, NULL),
(531, 9, 42, 155, 0, NULL, NULL),
(532, 9, 43, 160, 1, NULL, NULL),
(533, 9, 44, 165, 1, NULL, NULL),
(534, 9, 45, 169, 0, NULL, NULL),
(535, 9, 46, 172, 1, NULL, NULL),
(536, 9, 47, 177, 1, NULL, NULL),
(537, 9, 48, 181, 1, NULL, NULL),
(538, 9, 49, 183, 1, NULL, NULL),
(539, 9, 50, 190, 0, NULL, NULL),
(540, 9, 51, 192, 1, NULL, NULL),
(541, 9, 52, 195, 1, NULL, NULL),
(542, 9, 53, 199, 1, NULL, NULL),
(543, 9, 54, 204, 0, NULL, NULL),
(544, 9, 55, 209, 1, NULL, NULL),
(545, 9, 56, 212, 1, NULL, NULL),
(546, 9, 57, 215, 0, NULL, NULL),
(547, 9, 58, 221, 0, NULL, NULL),
(548, 9, 59, 226, 0, NULL, NULL),
(549, 9, 60, 227, 1, NULL, NULL),
(550, 9, 61, 234, 0, NULL, NULL),
(551, 9, 62, 235, 1, NULL, NULL),
(552, 9, 63, 242, 1, NULL, NULL),
(553, 9, 64, 243, 1, NULL, NULL),
(554, 9, 65, 249, 1, NULL, NULL),
(555, 9, 66, 253, 1, NULL, NULL),
(556, 9, 67, 256, 1, NULL, NULL),
(557, 9, 68, 260, 0, NULL, NULL),
(558, 9, 69, 264, 1, NULL, NULL),
(559, 9, 70, 268, 1, NULL, NULL),
(560, 9, 71, 274, 1, NULL, NULL),
(561, 9, 72, 277, 1, NULL, NULL),
(562, 9, 73, 282, 1, NULL, NULL),
(563, 9, 76, 291, 0, NULL, NULL),
(564, 9, 77, 297, 1, NULL, NULL),
(565, 9, 78, 302, 1, NULL, NULL),
(566, 10, 12, 44, 0, NULL, NULL),
(567, 10, 13, 46, 1, NULL, NULL),
(568, 10, 14, 50, 1, NULL, NULL),
(569, 10, 15, 56, 0, NULL, NULL),
(570, 10, 16, 58, 1, NULL, NULL),
(571, 10, 17, 65, 1, NULL, NULL),
(572, 10, 18, 68, 1, NULL, NULL),
(573, 10, 19, 74, 1, NULL, NULL),
(574, 10, 22, 76, 1, NULL, NULL),
(575, 10, 23, 79, 0, NULL, NULL),
(576, 10, 24, 83, 0, NULL, NULL),
(577, 10, 25, 89, 0, NULL, NULL),
(578, 10, 26, 92, 1, NULL, NULL),
(579, 10, 27, 95, 1, NULL, NULL),
(580, 10, 28, 99, 1, NULL, NULL),
(581, 10, 29, 104, 1, NULL, NULL),
(582, 10, 30, 110, 0, NULL, NULL),
(583, 10, 31, 114, 1, NULL, NULL),
(584, 10, 32, 118, 1, NULL, NULL),
(585, 10, 33, 122, 1, NULL, NULL),
(586, 10, 34, 124, 1, NULL, NULL),
(587, 10, 35, 129, 0, NULL, NULL),
(588, 10, 36, 131, 1, NULL, NULL),
(589, 10, 37, 136, 0, NULL, NULL),
(590, 10, 38, 139, 1, NULL, NULL),
(591, 10, 39, 146, 1, NULL, NULL),
(592, 10, 40, 150, 0, NULL, NULL),
(593, 10, 41, 153, 1, NULL, NULL),
(594, 10, 42, 155, 0, NULL, NULL),
(595, 10, 43, 160, 1, NULL, NULL),
(596, 10, 44, 165, 1, NULL, NULL),
(597, 10, 45, 168, 1, NULL, NULL),
(598, 10, 46, 172, 1, NULL, NULL),
(599, 10, 47, 177, 1, NULL, NULL),
(600, 10, 48, 179, 0, NULL, NULL),
(601, 10, 49, 183, 1, NULL, NULL),
(602, 10, 50, 189, 1, NULL, NULL),
(603, 10, 51, 192, 1, NULL, NULL),
(604, 10, 52, 196, 0, NULL, NULL),
(605, 10, 53, 199, 1, NULL, NULL),
(606, 10, 54, 206, 0, NULL, NULL),
(607, 10, 55, 207, 0, NULL, NULL),
(608, 10, 56, 212, 1, NULL, NULL),
(609, 10, 57, 217, 0, NULL, NULL),
(610, 10, 58, 220, 0, NULL, NULL),
(611, 10, 59, 225, 1, NULL, NULL),
(612, 10, 60, 230, 0, NULL, NULL),
(613, 10, 61, 233, 0, NULL, NULL),
(614, 10, 62, 235, 1, NULL, NULL),
(615, 10, 63, 239, 0, NULL, NULL),
(616, 10, 64, 243, 1, NULL, NULL),
(617, 10, 65, 249, 1, NULL, NULL),
(618, 10, 66, 253, 1, NULL, NULL),
(619, 10, 67, 256, 1, NULL, NULL),
(620, 10, 68, 261, 1, NULL, NULL),
(621, 10, 69, 264, 1, NULL, NULL),
(622, 10, 70, 268, 1, NULL, NULL),
(623, 10, 71, 274, 1, NULL, NULL),
(624, 10, 72, 278, 1, NULL, NULL),
(625, 10, 73, 279, 0, NULL, NULL),
(626, 10, 76, 294, 1, NULL, NULL),
(627, 10, 77, 297, 1, NULL, NULL),
(628, 10, 78, 302, 1, NULL, NULL),
(629, 11, 13, 46, 1, NULL, NULL),
(630, 11, 14, 50, 1, NULL, NULL),
(631, 11, 15, 54, 1, NULL, NULL),
(632, 11, 12, 59, 0, NULL, NULL),
(633, 11, 16, 62, 0, NULL, NULL),
(634, 11, 17, 65, 1, NULL, NULL),
(635, 11, 18, 68, 1, NULL, NULL),
(636, 11, 19, 74, 1, NULL, NULL),
(637, 11, 22, 76, 1, NULL, NULL),
(638, 11, 23, 82, 0, NULL, NULL),
(639, 11, 24, 86, 1, NULL, NULL),
(640, 11, 25, 89, 0, NULL, NULL),
(641, 11, 26, 92, 1, NULL, NULL),
(642, 11, 27, 95, 1, NULL, NULL),
(643, 11, 28, 100, 0, NULL, NULL),
(644, 11, 29, 104, 1, NULL, NULL),
(645, 11, 30, 108, 1, NULL, NULL),
(646, 11, 31, 114, 1, NULL, NULL),
(647, 11, 32, 118, 1, NULL, NULL),
(648, 11, 33, 122, 1, NULL, NULL),
(649, 11, 34, 124, 1, NULL, NULL),
(650, 11, 35, 129, 0, NULL, NULL),
(651, 11, 36, 132, 0, NULL, NULL),
(652, 11, 37, 138, 0, NULL, NULL),
(653, 11, 38, 139, 1, NULL, NULL),
(654, 11, 39, 146, 1, NULL, NULL),
(655, 11, 40, 147, 0, NULL, NULL),
(656, 11, 41, 153, 1, NULL, NULL),
(657, 11, 42, 157, 0, NULL, NULL),
(658, 11, 43, 159, 0, NULL, NULL),
(659, 11, 44, 165, 1, NULL, NULL),
(660, 11, 45, 170, 0, NULL, NULL),
(661, 11, 46, 172, 1, NULL, NULL),
(662, 11, 47, 177, 1, NULL, NULL),
(663, 11, 48, 181, 1, NULL, NULL),
(664, 11, 49, 183, 1, NULL, NULL),
(665, 11, 50, 189, 1, NULL, NULL),
(666, 11, 51, 192, 1, NULL, NULL),
(667, 11, 52, 195, 1, NULL, NULL),
(668, 11, 53, 199, 1, NULL, NULL),
(669, 11, 54, 205, 1, NULL, NULL),
(670, 11, 55, 209, 1, NULL, NULL),
(671, 11, 56, 214, 0, NULL, NULL),
(672, 11, 57, 217, 0, NULL, NULL),
(673, 11, 58, 219, 1, NULL, NULL),
(674, 11, 59, 225, 1, NULL, NULL),
(675, 11, 60, 227, 1, NULL, NULL),
(676, 11, 61, 231, 0, NULL, NULL),
(677, 11, 62, 235, 1, NULL, NULL),
(678, 11, 63, 242, 1, NULL, NULL),
(679, 11, 64, 243, 1, NULL, NULL),
(680, 11, 65, 249, 1, NULL, NULL),
(681, 11, 66, 253, 1, NULL, NULL),
(682, 11, 67, 255, 0, NULL, NULL),
(683, 11, 68, 261, 1, NULL, NULL),
(684, 11, 69, 264, 1, NULL, NULL),
(685, 11, 70, 270, 0, NULL, NULL),
(686, 11, 71, 274, 1, NULL, NULL),
(687, 11, 72, 278, 1, NULL, NULL),
(688, 11, 73, 279, 0, NULL, NULL),
(689, 11, 76, 294, 1, NULL, NULL),
(690, 11, 77, 297, 1, NULL, NULL),
(691, 11, 78, 302, 1, NULL, NULL),
(692, 12, 12, 42, 0, NULL, NULL),
(693, 12, 13, 48, 0, NULL, NULL),
(694, 12, 14, 50, 1, NULL, NULL),
(695, 12, 15, 55, 0, NULL, NULL),
(696, 12, 16, 62, 0, NULL, NULL),
(697, 12, 17, 66, 0, NULL, NULL),
(698, 12, 18, 68, 1, NULL, NULL),
(699, 12, 19, 74, 1, NULL, NULL),
(700, 12, 22, 75, 0, NULL, NULL),
(701, 12, 23, 82, 0, NULL, NULL),
(702, 12, 24, 85, 0, NULL, NULL),
(703, 12, 25, 89, 0, NULL, NULL),
(704, 12, 26, 91, 0, NULL, NULL),
(705, 12, 27, 98, 0, NULL, NULL),
(706, 12, 28, 99, 1, NULL, NULL),
(707, 12, 29, 104, 1, NULL, NULL),
(708, 12, 30, 108, 1, NULL, NULL),
(709, 12, 31, 114, 1, NULL, NULL),
(710, 12, 32, 118, 1, NULL, NULL),
(711, 12, 33, 122, 1, NULL, NULL),
(712, 12, 34, 124, 1, NULL, NULL),
(713, 12, 35, 129, 0, NULL, NULL),
(714, 12, 36, 131, 1, NULL, NULL),
(715, 12, 37, 136, 0, NULL, NULL),
(716, 12, 38, 139, 1, NULL, NULL),
(717, 12, 39, 146, 1, NULL, NULL),
(718, 12, 40, 149, 1, NULL, NULL),
(719, 12, 41, 153, 1, NULL, NULL),
(720, 12, 42, 155, 0, NULL, NULL),
(721, 12, 43, 160, 1, NULL, NULL),
(722, 12, 44, 165, 1, NULL, NULL),
(723, 12, 45, 168, 1, NULL, NULL),
(724, 12, 46, 172, 1, NULL, NULL),
(725, 12, 47, 177, 1, NULL, NULL),
(726, 12, 48, 181, 1, NULL, NULL),
(727, 12, 49, 183, 1, NULL, NULL),
(728, 12, 50, 190, 0, NULL, NULL),
(729, 12, 51, 192, 1, NULL, NULL),
(730, 12, 52, 195, 1, NULL, NULL),
(731, 12, 53, 199, 1, NULL, NULL),
(732, 12, 54, 205, 1, NULL, NULL),
(733, 12, 55, 209, 1, NULL, NULL),
(734, 12, 56, 212, 1, NULL, NULL),
(735, 12, 57, 217, 0, NULL, NULL),
(736, 12, 58, 221, 0, NULL, NULL),
(737, 12, 59, 224, 0, NULL, NULL),
(738, 12, 60, 230, 0, NULL, NULL),
(739, 12, 61, 234, 0, NULL, NULL),
(740, 12, 62, 235, 1, NULL, NULL),
(741, 12, 63, 242, 1, NULL, NULL),
(742, 12, 64, 243, 1, NULL, NULL),
(743, 12, 65, 249, 1, NULL, NULL),
(744, 12, 66, 253, 1, NULL, NULL),
(745, 12, 67, 256, 1, NULL, NULL),
(746, 12, 68, 261, 1, NULL, NULL),
(747, 12, 69, 264, 1, NULL, NULL),
(748, 12, 70, 268, 1, NULL, NULL),
(749, 12, 71, 274, 1, NULL, NULL),
(750, 12, 72, 278, 1, NULL, NULL),
(751, 12, 73, 279, 0, NULL, NULL),
(752, 12, 76, 291, 0, NULL, NULL),
(753, 12, 77, 296, 1, NULL, NULL),
(754, 12, 78, 302, 1, NULL, NULL),
(755, 13, 13, 46, 1, NULL, NULL),
(756, 13, 14, 52, 0, NULL, NULL),
(757, 13, 15, 54, 1, NULL, NULL),
(758, 13, 12, 59, 0, NULL, NULL),
(759, 13, 16, 62, 0, NULL, NULL),
(760, 13, 17, 65, 1, NULL, NULL),
(761, 13, 18, 68, 1, NULL, NULL),
(762, 13, 19, 74, 1, NULL, NULL),
(763, 13, 22, 76, 1, NULL, NULL),
(764, 13, 23, 82, 0, NULL, NULL),
(765, 13, 24, 85, 0, NULL, NULL),
(766, 13, 25, 87, 1, NULL, NULL),
(767, 13, 26, 92, 1, NULL, NULL),
(768, 13, 27, 95, 1, NULL, NULL),
(769, 13, 28, 102, 0, NULL, NULL),
(770, 13, 29, 104, 1, NULL, NULL),
(771, 13, 30, 108, 1, NULL, NULL),
(772, 13, 31, 113, 0, NULL, NULL),
(773, 13, 32, 118, 1, NULL, NULL),
(774, 13, 33, 122, 1, NULL, NULL),
(775, 13, 34, 124, 1, NULL, NULL),
(776, 13, 35, 129, 0, NULL, NULL),
(777, 13, 36, 132, 0, NULL, NULL),
(778, 13, 37, 138, 0, NULL, NULL),
(779, 13, 38, 139, 1, NULL, NULL),
(780, 13, 39, 146, 1, NULL, NULL),
(781, 13, 40, 149, 1, NULL, NULL),
(782, 13, 41, 153, 1, NULL, NULL),
(783, 13, 42, 158, 1, NULL, NULL),
(784, 13, 43, 160, 1, NULL, NULL),
(785, 13, 44, 165, 1, NULL, NULL),
(786, 13, 45, 168, 1, NULL, NULL),
(787, 13, 46, 172, 1, NULL, NULL),
(788, 13, 47, 177, 1, NULL, NULL),
(789, 13, 48, 181, 1, NULL, NULL),
(790, 13, 49, 183, 1, NULL, NULL),
(791, 13, 50, 190, 0, NULL, NULL),
(792, 13, 51, 192, 1, NULL, NULL),
(793, 13, 52, 195, 1, NULL, NULL),
(794, 13, 53, 199, 1, NULL, NULL),
(795, 13, 54, 205, 1, NULL, NULL),
(796, 13, 55, 210, 0, NULL, NULL),
(797, 13, 56, 212, 1, NULL, NULL),
(798, 13, 57, 217, 0, NULL, NULL),
(799, 13, 58, 220, 0, NULL, NULL),
(800, 13, 59, 226, 0, NULL, NULL),
(801, 13, 60, 230, 0, NULL, NULL),
(802, 13, 61, 233, 0, NULL, NULL),
(803, 13, 62, 236, 0, NULL, NULL),
(804, 13, 63, 242, 1, NULL, NULL),
(805, 13, 64, 243, 1, NULL, NULL),
(806, 13, 65, 249, 1, NULL, NULL),
(807, 13, 66, 253, 1, NULL, NULL),
(808, 13, 67, 256, 1, NULL, NULL),
(809, 13, 68, 261, 1, NULL, NULL),
(810, 13, 69, 264, 1, NULL, NULL),
(811, 13, 70, 268, 1, NULL, NULL),
(812, 13, 71, 274, 1, NULL, NULL),
(813, 13, 72, 278, 1, NULL, NULL),
(814, 13, 73, 279, 0, NULL, NULL),
(815, 13, 76, 294, 1, NULL, NULL),
(816, 13, 77, 297, 1, NULL, NULL),
(817, 13, 78, 302, 1, NULL, NULL),
(818, 14, 13, 46, 1, NULL, NULL),
(819, 14, 14, 52, 0, NULL, NULL),
(820, 14, 15, 54, 1, NULL, NULL),
(821, 14, 12, 59, 0, NULL, NULL),
(822, 14, 16, 62, 0, NULL, NULL),
(823, 14, 17, 66, 0, NULL, NULL),
(824, 14, 18, 68, 1, NULL, NULL),
(825, 14, 19, 74, 1, NULL, NULL),
(826, 14, 22, 77, 0, NULL, NULL),
(827, 14, 23, 80, 0, NULL, NULL),
(828, 14, 24, 85, 0, NULL, NULL),
(829, 14, 25, 87, 1, NULL, NULL),
(830, 14, 26, 93, 0, NULL, NULL),
(831, 14, 27, 95, 1, NULL, NULL),
(832, 14, 28, 99, 1, NULL, NULL),
(833, 14, 29, 106, 0, NULL, NULL),
(834, 14, 30, 109, 0, NULL, NULL),
(835, 14, 31, 111, 0, NULL, NULL),
(836, 14, 32, 115, 0, NULL, NULL),
(837, 14, 33, 122, 1, NULL, NULL),
(838, 14, 34, 124, 1, NULL, NULL),
(839, 14, 35, 130, 1, NULL, NULL),
(840, 14, 36, 132, 0, NULL, NULL),
(841, 14, 37, 138, 0, NULL, NULL),
(842, 14, 38, 140, 0, NULL, NULL),
(843, 14, 39, 146, 1, NULL, NULL),
(844, 14, 40, 148, 0, NULL, NULL),
(845, 14, 41, 153, 1, NULL, NULL),
(846, 14, 42, 157, 0, NULL, NULL),
(847, 14, 43, 161, 0, NULL, NULL),
(848, 14, 44, 164, 0, NULL, NULL),
(849, 14, 45, 167, 0, NULL, NULL),
(850, 14, 46, 172, 1, NULL, NULL),
(851, 14, 47, 175, 0, NULL, NULL),
(852, 14, 48, 179, 0, NULL, NULL),
(853, 14, 49, 183, 1, NULL, NULL),
(854, 14, 50, 190, 0, NULL, NULL),
(855, 15, 13, 46, 1, NULL, NULL),
(856, 14, 51, 192, 1, NULL, NULL),
(857, 15, 14, 50, 1, NULL, NULL),
(858, 14, 52, 196, 0, NULL, NULL),
(859, 14, 53, 199, 1, NULL, NULL),
(860, 15, 15, 54, 1, NULL, NULL),
(861, 14, 54, 203, 0, NULL, NULL),
(862, 15, 12, 59, 0, NULL, NULL),
(863, 14, 55, 209, 1, NULL, NULL),
(864, 15, 16, 62, 0, NULL, NULL),
(865, 14, 56, 212, 1, NULL, NULL),
(866, 14, 57, 217, 0, NULL, NULL),
(867, 15, 17, 65, 1, NULL, NULL),
(868, 14, 58, 221, 0, NULL, NULL),
(869, 14, 59, 223, 0, NULL, NULL),
(870, 15, 18, 68, 1, NULL, NULL),
(871, 14, 60, 230, 0, NULL, NULL),
(872, 14, 61, 234, 0, NULL, NULL),
(873, 15, 19, 74, 1, NULL, NULL),
(874, 14, 62, 236, 0, NULL, NULL),
(875, 15, 22, 76, 1, NULL, NULL),
(876, 14, 63, 242, 1, NULL, NULL),
(877, 14, 64, 243, 1, NULL, NULL),
(878, 14, 65, 249, 1, NULL, NULL),
(879, 15, 23, 79, 0, NULL, NULL),
(880, 14, 66, 253, 1, NULL, NULL),
(881, 15, 24, 86, 1, NULL, NULL),
(882, 14, 67, 256, 1, NULL, NULL),
(883, 15, 25, 89, 0, NULL, NULL),
(884, 14, 68, 260, 0, NULL, NULL),
(885, 15, 26, 92, 1, NULL, NULL),
(886, 14, 69, 264, 1, NULL, NULL),
(887, 15, 27, 96, 0, NULL, NULL),
(888, 14, 70, 269, 0, NULL, NULL),
(889, 14, 71, 274, 1, NULL, NULL),
(890, 15, 28, 99, 1, NULL, NULL),
(891, 14, 72, 278, 1, NULL, NULL),
(892, 15, 29, 104, 1, NULL, NULL),
(893, 14, 73, 281, 0, NULL, NULL),
(894, 15, 30, 108, 1, NULL, NULL),
(895, 14, 76, 293, 0, NULL, NULL),
(896, 15, 31, 114, 1, NULL, NULL),
(897, 15, 32, 118, 1, NULL, NULL),
(898, 14, 77, 297, 1, NULL, NULL),
(899, 15, 33, 122, 1, NULL, NULL),
(900, 14, 78, 302, 1, NULL, NULL),
(901, 15, 34, 124, 1, NULL, NULL),
(902, 15, 35, 129, 0, NULL, NULL),
(903, 15, 36, 131, 1, NULL, NULL),
(904, 15, 37, 136, 0, NULL, NULL),
(905, 15, 38, 139, 1, NULL, NULL),
(906, 15, 39, 146, 1, NULL, NULL),
(907, 15, 40, 147, 0, NULL, NULL),
(908, 15, 41, 153, 1, NULL, NULL),
(909, 15, 42, 155, 0, NULL, NULL),
(910, 15, 43, 160, 1, NULL, NULL),
(911, 15, 44, 165, 1, NULL, NULL),
(912, 15, 45, 169, 0, NULL, NULL),
(913, 15, 46, 172, 1, NULL, NULL),
(914, 15, 47, 177, 1, NULL, NULL),
(915, 15, 48, 181, 1, NULL, NULL),
(916, 15, 49, 183, 1, NULL, NULL),
(917, 15, 50, 190, 0, NULL, NULL),
(918, 15, 51, 192, 1, NULL, NULL),
(919, 15, 52, 195, 1, NULL, NULL),
(920, 15, 53, 199, 1, NULL, NULL),
(921, 15, 54, 204, 0, NULL, NULL),
(922, 15, 55, 209, 1, NULL, NULL),
(923, 15, 56, 212, 1, NULL, NULL),
(924, 15, 57, 215, 0, NULL, NULL),
(925, 15, 58, 221, 0, NULL, NULL),
(926, 15, 59, 226, 0, NULL, NULL),
(927, 15, 60, 227, 1, NULL, NULL),
(928, 15, 61, 234, 0, NULL, NULL),
(929, 15, 62, 235, 1, NULL, NULL),
(930, 15, 63, 242, 1, NULL, NULL),
(931, 15, 64, 243, 1, NULL, NULL),
(932, 15, 65, 249, 1, NULL, NULL),
(933, 15, 66, 253, 1, NULL, NULL),
(934, 15, 67, 256, 1, NULL, NULL),
(935, 15, 68, 260, 0, NULL, NULL),
(936, 15, 69, 264, 1, NULL, NULL),
(937, 15, 70, 268, 1, NULL, NULL),
(938, 15, 71, 274, 1, NULL, NULL),
(939, 15, 72, 277, 1, NULL, NULL),
(940, 15, 73, 282, 1, NULL, NULL),
(941, 15, 76, 291, 0, NULL, NULL),
(942, 15, 77, 297, 1, NULL, NULL),
(943, 15, 78, 302, 1, NULL, NULL),
(944, 16, 12, 45, 1, NULL, NULL),
(945, 16, 13, 46, 1, NULL, NULL),
(946, 16, 14, 52, 0, NULL, NULL),
(947, 16, 15, 54, 1, NULL, NULL),
(948, 16, 16, 60, 0, NULL, NULL),
(949, 16, 17, 66, 0, NULL, NULL),
(950, 16, 18, 69, 0, NULL, NULL),
(951, 16, 19, 72, 0, NULL, NULL),
(952, 16, 22, 76, 1, NULL, NULL),
(953, 16, 23, 79, 0, NULL, NULL),
(954, 16, 24, 84, 0, NULL, NULL),
(955, 16, 25, 89, 0, NULL, NULL),
(956, 16, 26, 91, 0, NULL, NULL),
(957, 16, 27, 95, 1, NULL, NULL),
(958, 16, 28, 101, 0, NULL, NULL),
(959, 16, 29, 104, 1, NULL, NULL),
(960, 16, 30, 109, 0, NULL, NULL),
(961, 16, 31, 114, 1, NULL, NULL),
(962, 16, 32, 117, 0, NULL, NULL),
(963, 16, 33, 122, 1, NULL, NULL),
(964, 16, 34, 125, 0, NULL, NULL),
(965, 16, 35, 130, 1, NULL, NULL),
(966, 16, 36, 133, 0, NULL, NULL),
(967, 16, 37, 138, 0, NULL, NULL),
(968, 16, 38, 140, 0, NULL, NULL),
(969, 16, 39, 145, 0, NULL, NULL),
(970, 16, 40, 149, 1, NULL, NULL),
(971, 16, 41, 153, 1, NULL, NULL),
(972, 16, 42, 155, 0, NULL, NULL),
(973, 16, 43, 159, 0, NULL, NULL),
(974, 16, 44, 164, 0, NULL, NULL),
(975, 16, 45, 167, 0, NULL, NULL),
(976, 16, 46, 173, 0, NULL, NULL),
(977, 16, 47, 177, 1, NULL, NULL),
(978, 16, 48, 180, 0, NULL, NULL),
(979, 16, 49, 183, 1, NULL, NULL),
(980, 16, 50, 189, 1, NULL, NULL),
(981, 16, 51, 193, 0, NULL, NULL),
(982, 16, 52, 196, 0, NULL, NULL),
(983, 16, 53, 201, 0, NULL, NULL),
(984, 16, 54, 205, 1, NULL, NULL),
(985, 16, 55, 208, 0, NULL, NULL),
(986, 16, 56, 212, 1, NULL, NULL),
(987, 16, 57, 216, 0, NULL, NULL),
(988, 16, 58, 221, 0, NULL, NULL),
(989, 16, 59, 226, 0, NULL, NULL),
(990, 16, 60, 230, 0, NULL, NULL),
(991, 16, 61, 232, 1, NULL, NULL),
(992, 16, 62, 236, 0, NULL, NULL),
(993, 16, 63, 239, 0, NULL, NULL),
(994, 16, 64, 243, 1, NULL, NULL),
(995, 16, 65, 249, 1, NULL, NULL),
(996, 16, 66, 253, 1, NULL, NULL),
(997, 16, 67, 256, 1, NULL, NULL),
(998, 16, 68, 260, 0, NULL, NULL),
(999, 16, 69, 264, 1, NULL, NULL),
(1000, 16, 70, 268, 1, NULL, NULL),
(1001, 16, 71, 274, 1, NULL, NULL),
(1002, 16, 72, 278, 1, NULL, NULL),
(1003, 16, 73, 282, 1, NULL, NULL),
(1004, 16, 76, 292, 0, NULL, NULL),
(1005, 16, 77, 295, 0, NULL, NULL),
(1006, 16, 78, 302, 1, NULL, NULL),
(1007, 17, 12, 44, 0, NULL, NULL),
(1008, 17, 13, 47, 0, NULL, NULL),
(1009, 17, 14, 50, 1, NULL, NULL),
(1010, 17, 15, 56, 0, NULL, NULL),
(1011, 17, 16, 58, 1, NULL, NULL),
(1012, 17, 17, 65, 1, NULL, NULL),
(1013, 17, 18, 68, 1, NULL, NULL),
(1014, 17, 19, 74, 1, NULL, NULL),
(1015, 17, 22, 75, 0, NULL, NULL),
(1016, 17, 23, 82, 0, NULL, NULL),
(1017, 17, 24, 83, 0, NULL, NULL),
(1018, 17, 25, 88, 0, NULL, NULL),
(1019, 17, 26, 94, 0, NULL, NULL),
(1020, 17, 27, 95, 1, NULL, NULL),
(1021, 17, 28, 99, 1, NULL, NULL),
(1022, 17, 29, 104, 1, NULL, NULL),
(1023, 17, 30, 108, 1, NULL, NULL),
(1024, 17, 31, 113, 0, NULL, NULL),
(1025, 17, 32, 115, 0, NULL, NULL),
(1026, 17, 33, 122, 1, NULL, NULL),
(1027, 17, 34, 126, 0, NULL, NULL),
(1028, 17, 35, 129, 0, NULL, NULL),
(1029, 17, 36, 131, 1, NULL, NULL),
(1030, 17, 37, 135, 0, NULL, NULL),
(1031, 17, 38, 141, 0, NULL, NULL),
(1032, 17, 39, 146, 1, NULL, NULL),
(1033, 17, 40, 148, 0, NULL, NULL),
(1034, 17, 41, 153, 1, NULL, NULL),
(1035, 17, 42, 157, 0, NULL, NULL),
(1036, 17, 43, 161, 0, NULL, NULL),
(1037, 17, 44, 165, 1, NULL, NULL),
(1038, 17, 45, 170, 0, NULL, NULL),
(1039, 17, 46, 174, 0, NULL, NULL),
(1040, 17, 47, 175, 0, NULL, NULL),
(1041, 17, 48, 181, 1, NULL, NULL),
(1042, 17, 49, 183, 1, NULL, NULL),
(1043, 17, 50, 190, 0, NULL, NULL),
(1044, 17, 51, 192, 1, NULL, NULL),
(1045, 17, 52, 196, 0, NULL, NULL),
(1046, 17, 53, 199, 1, NULL, NULL),
(1047, 17, 54, 203, 0, NULL, NULL),
(1048, 17, 55, 210, 0, NULL, NULL),
(1049, 17, 56, 212, 1, NULL, NULL),
(1050, 17, 57, 217, 0, NULL, NULL),
(1051, 17, 58, 221, 0, NULL, NULL),
(1052, 17, 59, 226, 0, NULL, NULL),
(1053, 17, 60, 230, 0, NULL, NULL),
(1054, 17, 61, 233, 0, NULL, NULL),
(1055, 17, 62, 236, 0, NULL, NULL),
(1056, 17, 63, 239, 0, NULL, NULL),
(1057, 17, 64, 243, 1, NULL, NULL),
(1058, 17, 65, 249, 1, NULL, NULL),
(1059, 17, 66, 254, 0, NULL, NULL),
(1060, 17, 67, 256, 1, NULL, NULL),
(1061, 17, 68, 261, 1, NULL, NULL),
(1062, 17, 69, 264, 1, NULL, NULL),
(1063, 17, 70, 269, 0, NULL, NULL),
(1064, 17, 71, 271, 0, NULL, NULL),
(1065, 17, 72, 278, 1, NULL, NULL),
(1066, 17, 73, 282, 1, NULL, NULL),
(1067, 17, 76, 291, 0, NULL, NULL),
(1068, 17, 77, 297, 1, NULL, NULL),
(1069, 17, 78, 300, 0, NULL, NULL),
(1070, 18, 12, 43, 0, NULL, NULL),
(1071, 18, 13, 46, 1, NULL, NULL),
(1072, 18, 14, 52, 0, NULL, NULL),
(1073, 18, 15, 56, 0, NULL, NULL),
(1074, 18, 16, 62, 0, NULL, NULL),
(1075, 18, 17, 65, 1, NULL, NULL),
(1076, 18, 18, 68, 1, NULL, NULL),
(1077, 18, 19, 74, 1, NULL, NULL),
(1078, 18, 22, 76, 1, NULL, NULL),
(1079, 18, 23, 81, 1, NULL, NULL),
(1080, 18, 24, 84, 0, NULL, NULL),
(1081, 18, 25, 88, 0, NULL, NULL),
(1082, 18, 26, 93, 0, NULL, NULL),
(1083, 18, 27, 95, 1, NULL, NULL),
(1084, 18, 28, 99, 1, NULL, NULL),
(1085, 18, 29, 104, 1, NULL, NULL),
(1086, 18, 30, 108, 1, NULL, NULL),
(1087, 18, 31, 114, 1, NULL, NULL),
(1088, 18, 32, 118, 1, NULL, NULL),
(1089, 18, 33, 122, 1, NULL, NULL),
(1090, 18, 34, 124, 1, NULL, NULL),
(1091, 18, 35, 130, 1, NULL, NULL),
(1092, 18, 36, 132, 0, NULL, NULL),
(1093, 18, 37, 136, 0, NULL, NULL),
(1094, 18, 38, 140, 0, NULL, NULL),
(1095, 18, 39, 146, 1, NULL, NULL),
(1096, 18, 40, 149, 1, NULL, NULL),
(1097, 18, 41, 153, 1, NULL, NULL),
(1098, 18, 42, 157, 0, NULL, NULL),
(1099, 18, 43, 160, 1, NULL, NULL),
(1100, 18, 44, 165, 1, NULL, NULL),
(1101, 18, 45, 168, 1, NULL, NULL),
(1102, 18, 46, 173, 0, NULL, NULL),
(1103, 18, 47, 177, 1, NULL, NULL),
(1104, 18, 48, 179, 0, NULL, NULL),
(1105, 18, 49, 183, 1, NULL, NULL),
(1106, 18, 50, 190, 0, NULL, NULL),
(1107, 18, 51, 192, 1, NULL, NULL),
(1108, 18, 52, 195, 1, NULL, NULL),
(1109, 18, 53, 199, 1, NULL, NULL),
(1110, 18, 54, 203, 0, NULL, NULL),
(1111, 18, 55, 207, 0, NULL, NULL),
(1112, 18, 56, 212, 1, NULL, NULL),
(1113, 18, 57, 217, 0, NULL, NULL),
(1114, 18, 58, 221, 0, NULL, NULL),
(1115, 18, 59, 225, 1, NULL, NULL),
(1116, 18, 60, 227, 1, NULL, NULL),
(1117, 18, 61, 232, 1, NULL, NULL),
(1118, 18, 62, 235, 1, NULL, NULL),
(1119, 18, 63, 242, 1, NULL, NULL),
(1120, 18, 64, 243, 1, NULL, NULL),
(1121, 18, 65, 249, 1, NULL, NULL),
(1122, 18, 66, 253, 1, NULL, NULL),
(1123, 18, 67, 258, 0, NULL, NULL),
(1124, 18, 68, 261, 1, NULL, NULL),
(1125, 18, 69, 264, 1, NULL, NULL),
(1126, 18, 70, 268, 1, NULL, NULL),
(1127, 18, 71, 274, 1, NULL, NULL),
(1128, 18, 72, 277, 1, NULL, NULL),
(1129, 18, 73, 282, 1, NULL, NULL),
(1130, 18, 76, 293, 0, NULL, NULL),
(1131, 18, 77, 296, 1, NULL, NULL),
(1132, 18, 78, 302, 1, NULL, NULL),
(1133, 19, 12, 43, 0, NULL, NULL),
(1134, 19, 13, 46, 1, NULL, NULL),
(1135, 19, 14, 52, 0, NULL, NULL),
(1136, 19, 15, 54, 1, NULL, NULL),
(1137, 19, 16, 60, 0, NULL, NULL),
(1138, 19, 17, 65, 1, NULL, NULL),
(1139, 19, 18, 68, 1, NULL, NULL),
(1140, 19, 19, 74, 1, NULL, NULL),
(1141, 19, 22, 76, 1, NULL, NULL),
(1142, 19, 23, 79, 0, NULL, NULL),
(1143, 19, 24, 85, 0, NULL, NULL),
(1144, 19, 25, 89, 0, NULL, NULL),
(1145, 19, 26, 92, 1, NULL, NULL),
(1146, 19, 27, 95, 1, NULL, NULL),
(1147, 19, 28, 100, 0, NULL, NULL),
(1148, 19, 29, 104, 1, NULL, NULL),
(1149, 19, 30, 108, 1, NULL, NULL),
(1150, 19, 31, 113, 0, NULL, NULL),
(1151, 19, 32, 118, 1, NULL, NULL),
(1152, 19, 33, 122, 1, NULL, NULL),
(1153, 19, 34, 124, 1, NULL, NULL),
(1154, 19, 35, 130, 1, NULL, NULL),
(1155, 19, 36, 131, 1, NULL, NULL),
(1156, 19, 37, 135, 0, NULL, NULL),
(1157, 19, 38, 139, 1, NULL, NULL),
(1158, 19, 39, 146, 1, NULL, NULL),
(1159, 19, 40, 147, 0, NULL, NULL),
(1160, 19, 41, 153, 1, NULL, NULL),
(1161, 19, 42, 158, 1, NULL, NULL),
(1162, 19, 43, 160, 1, NULL, NULL),
(1163, 19, 44, 165, 1, NULL, NULL),
(1164, 19, 45, 167, 0, NULL, NULL),
(1165, 19, 46, 173, 0, NULL, NULL),
(1166, 19, 47, 177, 1, NULL, NULL),
(1167, 19, 48, 182, 0, NULL, NULL),
(1168, 19, 49, 183, 1, NULL, NULL),
(1169, 19, 50, 189, 1, NULL, NULL),
(1170, 19, 51, 192, 1, NULL, NULL),
(1171, 19, 52, 197, 0, NULL, NULL),
(1172, 19, 53, 199, 1, NULL, NULL),
(1173, 19, 54, 206, 0, NULL, NULL),
(1174, 19, 55, 207, 0, NULL, NULL),
(1175, 19, 56, 211, 0, NULL, NULL),
(1176, 19, 57, 216, 0, NULL, NULL),
(1177, 19, 58, 221, 0, NULL, NULL),
(1178, 19, 59, 226, 0, NULL, NULL),
(1179, 19, 60, 230, 0, NULL, NULL),
(1180, 19, 61, 234, 0, NULL, NULL),
(1181, 19, 62, 235, 1, NULL, NULL),
(1182, 19, 63, 242, 1, NULL, NULL),
(1183, 19, 64, 243, 1, NULL, NULL),
(1184, 19, 65, 249, 1, NULL, NULL),
(1185, 19, 66, 254, 0, NULL, NULL),
(1186, 19, 67, 255, 0, NULL, NULL),
(1187, 19, 68, 262, 0, NULL, NULL),
(1188, 19, 69, 264, 1, NULL, NULL),
(1189, 19, 70, 267, 0, NULL, NULL),
(1190, 19, 71, 274, 1, NULL, NULL),
(1191, 19, 72, 278, 1, NULL, NULL),
(1192, 19, 73, 279, 0, NULL, NULL),
(1193, 19, 76, 293, 0, NULL, NULL),
(1194, 19, 77, 297, 1, NULL, NULL),
(1195, 19, 78, 302, 1, NULL, NULL),
(1196, 20, 12, 43, 0, NULL, NULL),
(1197, 20, 13, 46, 1, NULL, NULL),
(1198, 20, 14, 52, 0, NULL, NULL),
(1199, 20, 15, 54, 1, NULL, NULL),
(1200, 20, 16, 60, 0, NULL, NULL),
(1201, 20, 17, 65, 1, NULL, NULL),
(1202, 20, 18, 68, 1, NULL, NULL),
(1203, 20, 19, 74, 1, NULL, NULL),
(1204, 20, 22, 76, 1, NULL, NULL),
(1205, 20, 23, 79, 0, NULL, NULL),
(1206, 20, 24, 85, 0, NULL, NULL),
(1207, 20, 25, 89, 0, NULL, NULL),
(1208, 20, 26, 92, 1, NULL, NULL),
(1209, 20, 27, 95, 1, NULL, NULL),
(1210, 20, 28, 100, 0, NULL, NULL),
(1211, 20, 29, 104, 1, NULL, NULL),
(1212, 20, 30, 108, 1, NULL, NULL),
(1213, 20, 31, 113, 0, NULL, NULL),
(1214, 20, 32, 118, 1, NULL, NULL),
(1215, 20, 33, 122, 1, NULL, NULL),
(1216, 20, 34, 124, 1, NULL, NULL),
(1217, 20, 35, 130, 1, NULL, NULL),
(1218, 20, 36, 131, 1, NULL, NULL),
(1219, 20, 37, 135, 0, NULL, NULL),
(1220, 20, 38, 139, 1, NULL, NULL),
(1221, 20, 39, 146, 1, NULL, NULL),
(1222, 20, 40, 147, 0, NULL, NULL),
(1223, 20, 41, 153, 1, NULL, NULL),
(1224, 20, 42, 158, 1, NULL, NULL),
(1225, 20, 43, 160, 1, NULL, NULL),
(1226, 20, 44, 165, 1, NULL, NULL),
(1227, 20, 45, 167, 0, NULL, NULL),
(1228, 20, 46, 173, 0, NULL, NULL),
(1229, 20, 47, 177, 1, NULL, NULL),
(1230, 20, 48, 182, 0, NULL, NULL),
(1231, 20, 49, 183, 1, NULL, NULL),
(1232, 20, 50, 189, 1, NULL, NULL),
(1233, 20, 51, 192, 1, NULL, NULL),
(1234, 20, 52, 197, 0, NULL, NULL),
(1235, 20, 53, 199, 1, NULL, NULL),
(1236, 20, 54, 206, 0, NULL, NULL),
(1237, 20, 55, 207, 0, NULL, NULL),
(1238, 20, 56, 211, 0, NULL, NULL),
(1239, 20, 57, 216, 0, NULL, NULL),
(1240, 20, 58, 221, 0, NULL, NULL),
(1241, 20, 59, 226, 0, NULL, NULL),
(1242, 20, 60, 230, 0, NULL, NULL),
(1243, 20, 61, 234, 0, NULL, NULL),
(1244, 20, 62, 235, 1, NULL, NULL),
(1245, 20, 63, 242, 1, NULL, NULL),
(1246, 20, 64, 243, 1, NULL, NULL),
(1247, 20, 65, 249, 1, NULL, NULL),
(1248, 20, 66, 254, 0, NULL, NULL),
(1249, 20, 67, 255, 0, NULL, NULL),
(1250, 20, 68, 262, 0, NULL, NULL),
(1251, 20, 69, 264, 1, NULL, NULL),
(1252, 20, 70, 267, 0, NULL, NULL),
(1253, 20, 71, 274, 1, NULL, NULL),
(1254, 20, 72, 278, 1, NULL, NULL),
(1255, 20, 73, 279, 0, NULL, NULL),
(1256, 20, 76, 293, 0, NULL, NULL),
(1257, 20, 77, 297, 1, NULL, NULL),
(1258, 20, 78, 302, 1, NULL, NULL),
(1259, 21, 13, 46, 1, NULL, NULL),
(1260, 21, 14, 53, 0, NULL, NULL),
(1261, 21, 15, 56, 0, NULL, NULL),
(1262, 21, 12, 59, 0, NULL, NULL),
(1263, 21, 16, 62, 0, NULL, NULL),
(1264, 21, 17, 65, 1, NULL, NULL),
(1265, 21, 18, 68, 1, NULL, NULL),
(1266, 21, 19, 74, 1, NULL, NULL),
(1267, 21, 22, 76, 1, NULL, NULL),
(1268, 21, 23, 79, 0, NULL, NULL),
(1269, 21, 24, 85, 0, NULL, NULL),
(1270, 21, 25, 88, 0, NULL, NULL),
(1271, 21, 26, 94, 0, NULL, NULL),
(1272, 21, 27, 97, 0, NULL, NULL),
(1273, 21, 28, 99, 1, NULL, NULL),
(1274, 21, 29, 104, 1, NULL, NULL),
(1275, 21, 30, 108, 1, NULL, NULL),
(1276, 21, 31, 111, 0, NULL, NULL),
(1277, 21, 32, 118, 1, NULL, NULL),
(1278, 21, 33, 122, 1, NULL, NULL),
(1279, 21, 34, 124, 1, NULL, NULL),
(1280, 21, 35, 129, 0, NULL, NULL),
(1281, 21, 36, 131, 1, NULL, NULL),
(1282, 21, 37, 137, 1, NULL, NULL),
(1283, 21, 38, 139, 1, NULL, NULL),
(1284, 21, 39, 146, 1, NULL, NULL),
(1285, 21, 40, 148, 0, NULL, NULL),
(1286, 21, 41, 153, 1, NULL, NULL),
(1287, 21, 42, 157, 0, NULL, NULL),
(1288, 21, 43, 160, 1, NULL, NULL),
(1289, 21, 44, 165, 1, NULL, NULL),
(1290, 21, 45, 170, 0, NULL, NULL),
(1291, 21, 46, 172, 1, NULL, NULL),
(1292, 21, 47, 177, 1, NULL, NULL),
(1293, 21, 48, 181, 1, NULL, NULL),
(1294, 21, 49, 183, 1, NULL, NULL),
(1295, 21, 50, 189, 1, NULL, NULL),
(1296, 21, 51, 194, 0, NULL, NULL),
(1297, 21, 52, 197, 0, NULL, NULL),
(1298, 21, 53, 199, 1, NULL, NULL),
(1299, 21, 54, 203, 0, NULL, NULL),
(1300, 21, 55, 209, 1, NULL, NULL),
(1301, 21, 56, 212, 1, NULL, NULL),
(1302, 21, 57, 217, 0, NULL, NULL),
(1303, 21, 58, 221, 0, NULL, NULL),
(1304, 21, 59, 226, 0, NULL, NULL),
(1305, 21, 60, 230, 0, NULL, NULL),
(1306, 21, 61, 234, 0, NULL, NULL),
(1307, 21, 62, 235, 1, NULL, NULL),
(1308, 21, 63, 242, 1, NULL, NULL),
(1309, 21, 64, 243, 1, NULL, NULL),
(1310, 21, 65, 250, 0, NULL, NULL),
(1311, 21, 66, 253, 1, NULL, NULL),
(1312, 21, 67, 256, 1, NULL, NULL),
(1313, 21, 68, 259, 0, NULL, NULL),
(1314, 21, 69, 264, 1, NULL, NULL),
(1315, 21, 70, 268, 1, NULL, NULL),
(1316, 21, 71, 274, 1, NULL, NULL),
(1317, 21, 72, 278, 1, NULL, NULL),
(1318, 21, 73, 282, 1, NULL, NULL),
(1319, 21, 76, 291, 0, NULL, NULL),
(1320, 21, 77, 296, 1, NULL, NULL),
(1321, 21, 78, 302, 1, NULL, NULL),
(1322, 22, 13, 46, 1, NULL, NULL),
(1323, 22, 14, 52, 0, NULL, NULL),
(1324, 22, 15, 54, 1, NULL, NULL),
(1325, 22, 12, 59, 0, NULL, NULL),
(1326, 22, 16, 62, 0, NULL, NULL),
(1327, 22, 17, 66, 0, NULL, NULL),
(1328, 22, 18, 68, 1, NULL, NULL),
(1329, 22, 19, 74, 1, NULL, NULL),
(1330, 22, 22, 77, 0, NULL, NULL),
(1331, 22, 23, 79, 0, NULL, NULL),
(1332, 22, 24, 85, 0, NULL, NULL),
(1333, 22, 25, 90, 0, NULL, NULL),
(1334, 22, 26, 92, 1, NULL, NULL),
(1335, 22, 27, 97, 0, NULL, NULL),
(1336, 22, 28, 101, 0, NULL, NULL),
(1337, 22, 29, 104, 1, NULL, NULL),
(1338, 22, 30, 108, 1, NULL, NULL),
(1339, 22, 31, 112, 0, NULL, NULL),
(1340, 22, 32, 118, 1, NULL, NULL),
(1341, 22, 33, 122, 1, NULL, NULL),
(1342, 22, 34, 126, 0, NULL, NULL),
(1343, 22, 35, 130, 1, NULL, NULL),
(1344, 22, 36, 131, 1, NULL, NULL),
(1345, 22, 37, 138, 0, NULL, NULL),
(1346, 22, 38, 141, 0, NULL, NULL),
(1347, 22, 39, 146, 1, NULL, NULL),
(1348, 22, 40, 147, 0, NULL, NULL),
(1349, 22, 41, 153, 1, NULL, NULL),
(1350, 22, 42, 158, 1, NULL, NULL),
(1351, 22, 43, 160, 1, NULL, NULL),
(1352, 22, 44, 163, 0, NULL, NULL),
(1353, 22, 45, 170, 0, NULL, NULL),
(1354, 22, 46, 173, 0, NULL, NULL),
(1355, 22, 47, 177, 1, NULL, NULL),
(1356, 22, 48, 181, 1, NULL, NULL),
(1357, 22, 49, 183, 1, NULL, NULL),
(1358, 22, 50, 189, 1, NULL, NULL),
(1359, 22, 51, 192, 1, NULL, NULL),
(1360, 22, 52, 197, 0, NULL, NULL),
(1361, 22, 53, 201, 0, NULL, NULL),
(1362, 22, 54, 205, 1, NULL, NULL),
(1363, 22, 55, 209, 1, NULL, NULL),
(1364, 22, 56, 212, 1, NULL, NULL),
(1365, 22, 57, 217, 0, NULL, NULL),
(1366, 22, 58, 221, 0, NULL, NULL),
(1367, 22, 59, 225, 1, NULL, NULL),
(1368, 22, 60, 230, 0, NULL, NULL),
(1369, 22, 61, 234, 0, NULL, NULL),
(1370, 22, 62, 235, 1, NULL, NULL),
(1371, 22, 63, 239, 0, NULL, NULL),
(1372, 22, 64, 243, 1, NULL, NULL),
(1373, 22, 65, 249, 1, NULL, NULL),
(1374, 22, 66, 253, 1, NULL, NULL),
(1375, 22, 67, 256, 1, NULL, NULL),
(1376, 22, 68, 261, 1, NULL, NULL),
(1377, 22, 69, 264, 1, NULL, NULL),
(1378, 22, 70, 269, 0, NULL, NULL),
(1379, 22, 71, 274, 1, NULL, NULL),
(1380, 22, 72, 278, 1, NULL, NULL),
(1381, 22, 73, 279, 0, NULL, NULL),
(1382, 22, 76, 291, 0, NULL, NULL),
(1383, 22, 77, 297, 1, NULL, NULL),
(1384, 22, 78, 302, 1, NULL, NULL),
(1385, 23, 12, 44, 0, NULL, NULL),
(1386, 23, 13, 46, 1, NULL, NULL),
(1387, 23, 14, 50, 1, NULL, NULL),
(1388, 23, 15, 56, 0, NULL, NULL),
(1389, 23, 16, 61, 0, NULL, NULL),
(1390, 23, 17, 64, 0, NULL, NULL),
(1391, 23, 18, 68, 1, NULL, NULL),
(1392, 23, 19, 72, 0, NULL, NULL),
(1393, 23, 22, 76, 1, NULL, NULL),
(1394, 23, 23, 82, 0, NULL, NULL),
(1395, 23, 24, 85, 0, NULL, NULL),
(1396, 23, 25, 88, 0, NULL, NULL),
(1397, 23, 26, 91, 0, NULL, NULL),
(1398, 23, 27, 95, 1, NULL, NULL),
(1399, 23, 28, 99, 1, NULL, NULL),
(1400, 23, 29, 104, 1, NULL, NULL),
(1401, 23, 30, 109, 0, NULL, NULL),
(1402, 23, 31, 112, 0, NULL, NULL),
(1403, 23, 32, 115, 0, NULL, NULL),
(1404, 23, 33, 122, 1, NULL, NULL),
(1405, 23, 34, 125, 0, NULL, NULL),
(1406, 23, 35, 130, 1, NULL, NULL),
(1407, 23, 36, 133, 0, NULL, NULL),
(1408, 23, 37, 137, 1, NULL, NULL),
(1409, 23, 38, 142, 0, NULL, NULL),
(1410, 23, 39, 146, 1, NULL, NULL),
(1411, 23, 40, 150, 0, NULL, NULL),
(1412, 23, 41, 151, 0, NULL, NULL),
(1413, 23, 42, 156, 0, NULL, NULL),
(1414, 23, 43, 162, 0, NULL, NULL),
(1415, 23, 44, 166, 0, NULL, NULL),
(1416, 23, 45, 168, 1, NULL, NULL),
(1417, 23, 46, 171, 0, NULL, NULL),
(1418, 23, 47, 177, 1, NULL, NULL),
(1419, 23, 48, 179, 0, NULL, NULL),
(1420, 23, 49, 183, 1, NULL, NULL),
(1421, 23, 50, 189, 1, NULL, NULL),
(1422, 23, 51, 193, 0, NULL, NULL),
(1423, 23, 52, 195, 1, NULL, NULL),
(1424, 23, 53, 202, 0, NULL, NULL),
(1425, 23, 54, 205, 1, NULL, NULL),
(1426, 23, 55, 210, 0, NULL, NULL),
(1427, 23, 56, 212, 1, NULL, NULL),
(1428, 23, 57, 215, 0, NULL, NULL),
(1429, 23, 58, 220, 0, NULL, NULL),
(1430, 23, 59, 223, 0, NULL, NULL),
(1431, 23, 60, 228, 0, NULL, NULL),
(1432, 23, 61, 234, 0, NULL, NULL),
(1433, 23, 62, 238, 0, NULL, NULL),
(1434, 23, 63, 242, 1, NULL, NULL),
(1435, 23, 64, 243, 1, NULL, NULL),
(1436, 23, 65, 247, 0, NULL, NULL),
(1437, 23, 66, 253, 1, NULL, NULL),
(1438, 23, 67, 256, 1, NULL, NULL),
(1439, 23, 68, 259, 0, NULL, NULL),
(1440, 23, 69, 264, 1, NULL, NULL),
(1441, 23, 70, 268, 1, NULL, NULL),
(1442, 23, 71, 274, 1, NULL, NULL),
(1443, 23, 72, 278, 1, NULL, NULL),
(1444, 23, 73, 282, 1, NULL, NULL),
(1445, 23, 76, 293, 0, NULL, NULL),
(1446, 23, 77, 297, 1, NULL, NULL),
(1447, 23, 78, 302, 1, NULL, NULL),
(1448, 24, 13, 46, 1, NULL, NULL),
(1449, 24, 14, 50, 1, NULL, NULL),
(1450, 24, 15, 57, 0, NULL, NULL),
(1451, 24, 12, 59, 0, NULL, NULL),
(1452, 24, 16, 62, 0, NULL, NULL),
(1453, 24, 17, 65, 1, NULL, NULL),
(1454, 24, 18, 68, 1, NULL, NULL),
(1455, 24, 19, 72, 0, NULL, NULL),
(1456, 24, 22, 76, 1, NULL, NULL),
(1457, 24, 23, 81, 1, NULL, NULL),
(1458, 24, 24, 84, 0, NULL, NULL),
(1459, 24, 25, 87, 1, NULL, NULL),
(1460, 24, 26, 93, 0, NULL, NULL),
(1461, 24, 27, 95, 1, NULL, NULL),
(1462, 24, 28, 99, 1, NULL, NULL),
(1463, 24, 29, 104, 1, NULL, NULL),
(1464, 24, 30, 110, 0, NULL, NULL),
(1465, 24, 31, 112, 0, NULL, NULL),
(1466, 24, 32, 116, 0, NULL, NULL),
(1467, 24, 33, 122, 1, NULL, NULL),
(1468, 24, 34, 126, 0, NULL, NULL),
(1469, 24, 35, 130, 1, NULL, NULL),
(1470, 24, 36, 134, 0, NULL, NULL),
(1471, 24, 37, 137, 1, NULL, NULL),
(1472, 24, 38, 141, 0, NULL, NULL),
(1473, 24, 39, 146, 1, NULL, NULL),
(1474, 24, 40, 148, 0, NULL, NULL),
(1475, 24, 41, 152, 0, NULL, NULL),
(1476, 24, 42, 157, 0, NULL, NULL),
(1477, 24, 43, 161, 0, NULL, NULL),
(1478, 24, 44, 164, 0, NULL, NULL),
(1479, 24, 45, 168, 1, NULL, NULL),
(1480, 24, 46, 173, 0, NULL, NULL),
(1481, 24, 47, 177, 1, NULL, NULL),
(1482, 24, 48, 180, 0, NULL, NULL),
(1483, 24, 49, 183, 1, NULL, NULL),
(1484, 24, 50, 189, 1, NULL, NULL),
(1485, 24, 51, 192, 1, NULL, NULL),
(1486, 24, 52, 195, 1, NULL, NULL),
(1487, 24, 53, 199, 1, NULL, NULL),
(1488, 24, 54, 205, 1, NULL, NULL),
(1489, 24, 55, 209, 1, NULL, NULL),
(1490, 24, 56, 212, 1, NULL, NULL),
(1491, 24, 57, 218, 1, NULL, NULL),
(1492, 24, 58, 219, 1, NULL, NULL),
(1493, 24, 59, 226, 0, NULL, NULL),
(1494, 24, 60, 230, 0, NULL, NULL),
(1495, 24, 61, 232, 1, NULL, NULL),
(1496, 24, 62, 237, 0, NULL, NULL),
(1497, 24, 63, 242, 1, NULL, NULL),
(1498, 24, 64, 243, 1, NULL, NULL),
(1499, 24, 65, 248, 0, NULL, NULL),
(1500, 24, 66, 253, 1, NULL, NULL),
(1501, 24, 67, 256, 1, NULL, NULL),
(1502, 24, 68, 261, 1, NULL, NULL),
(1503, 24, 69, 264, 1, NULL, NULL),
(1504, 24, 70, 268, 1, NULL, NULL),
(1505, 24, 71, 274, 1, NULL, NULL),
(1506, 24, 72, 278, 1, NULL, NULL),
(1507, 24, 73, 282, 1, NULL, NULL),
(1508, 24, 76, 291, 0, NULL, NULL),
(1509, 24, 77, 297, 1, NULL, NULL),
(1510, 24, 78, 302, 1, NULL, NULL),
(1511, 25, 12, 45, 1, NULL, NULL),
(1512, 25, 13, 46, 1, NULL, NULL),
(1513, 25, 14, 50, 1, NULL, NULL),
(1514, 25, 15, 54, 1, NULL, NULL),
(1515, 25, 16, 58, 1, NULL, NULL),
(1516, 25, 17, 65, 1, NULL, NULL),
(1517, 25, 18, 68, 1, NULL, NULL),
(1518, 25, 19, 72, 0, NULL, NULL),
(1519, 25, 22, 76, 1, NULL, NULL),
(1520, 25, 23, 81, 1, NULL, NULL),
(1521, 25, 24, 83, 0, NULL, NULL),
(1522, 25, 25, 87, 1, NULL, NULL),
(1523, 25, 26, 92, 1, NULL, NULL),
(1524, 25, 27, 95, 1, NULL, NULL),
(1525, 25, 28, 99, 1, NULL, NULL),
(1526, 25, 29, 104, 1, NULL, NULL),
(1527, 25, 30, 108, 1, NULL, NULL),
(1528, 25, 31, 112, 0, NULL, NULL),
(1529, 25, 32, 118, 1, NULL, NULL),
(1530, 25, 33, 122, 1, NULL, NULL),
(1531, 25, 34, 124, 1, NULL, NULL),
(1532, 25, 35, 130, 1, NULL, NULL),
(1533, 25, 36, 132, 0, NULL, NULL),
(1534, 25, 37, 137, 1, NULL, NULL),
(1535, 25, 38, 139, 1, NULL, NULL),
(1536, 25, 39, 146, 1, NULL, NULL),
(1537, 25, 40, 149, 1, NULL, NULL),
(1538, 25, 41, 154, 0, NULL, NULL),
(1539, 25, 42, 158, 1, NULL, NULL),
(1540, 25, 43, 161, 0, NULL, NULL),
(1541, 25, 44, 165, 1, NULL, NULL),
(1542, 25, 45, 168, 1, NULL, NULL),
(1543, 25, 46, 174, 0, NULL, NULL),
(1544, 25, 47, 177, 1, NULL, NULL),
(1545, 25, 48, 181, 1, NULL, NULL),
(1546, 25, 49, 183, 1, NULL, NULL),
(1547, 25, 50, 189, 1, NULL, NULL),
(1548, 25, 51, 192, 1, NULL, NULL),
(1549, 25, 52, 195, 1, NULL, NULL),
(1550, 25, 53, 199, 1, NULL, NULL),
(1551, 25, 54, 205, 1, NULL, NULL),
(1552, 25, 55, 209, 1, NULL, NULL),
(1553, 25, 56, 212, 1, NULL, NULL),
(1554, 25, 57, 216, 0, NULL, NULL),
(1555, 25, 58, 219, 1, NULL, NULL),
(1556, 25, 59, 224, 0, NULL, NULL),
(1557, 25, 60, 229, 0, NULL, NULL),
(1558, 25, 61, 232, 1, NULL, NULL),
(1559, 25, 62, 236, 0, NULL, NULL),
(1560, 25, 63, 242, 1, NULL, NULL),
(1561, 25, 64, 243, 1, NULL, NULL),
(1562, 25, 65, 249, 1, NULL, NULL),
(1563, 25, 66, 253, 1, NULL, NULL),
(1564, 25, 67, 256, 1, NULL, NULL),
(1565, 25, 68, 261, 1, NULL, NULL),
(1566, 25, 69, 264, 1, NULL, NULL),
(1567, 25, 70, 268, 1, NULL, NULL),
(1568, 25, 71, 274, 1, NULL, NULL),
(1569, 25, 72, 278, 1, NULL, NULL),
(1570, 25, 73, 282, 1, NULL, NULL),
(1571, 25, 76, 294, 1, NULL, NULL),
(1572, 25, 77, 297, 1, NULL, NULL),
(1573, 25, 78, 302, 1, NULL, NULL),
(1574, 26, 12, 45, 1, NULL, NULL),
(1575, 26, 13, 46, 1, NULL, NULL),
(1576, 26, 14, 50, 1, NULL, NULL),
(1577, 26, 15, 54, 1, NULL, NULL),
(1578, 26, 16, 58, 1, NULL, NULL),
(1579, 26, 17, 65, 1, NULL, NULL),
(1580, 26, 18, 68, 1, NULL, NULL),
(1581, 26, 19, 74, 1, NULL, NULL),
(1582, 26, 22, 76, 1, NULL, NULL);
INSERT INTO `question_result` (`id`, `result_id`, `question_id`, `option_id`, `points`, `created_at`, `updated_at`) VALUES
(1583, 26, 23, 81, 1, NULL, NULL),
(1584, 26, 24, 86, 1, NULL, NULL),
(1585, 26, 25, 87, 1, NULL, NULL),
(1586, 26, 26, 92, 1, NULL, NULL),
(1587, 26, 27, 95, 1, NULL, NULL),
(1588, 26, 28, 99, 1, NULL, NULL),
(1589, 26, 29, 104, 1, NULL, NULL),
(1590, 26, 30, 108, 1, NULL, NULL),
(1591, 26, 31, 112, 0, NULL, NULL),
(1592, 26, 32, 118, 1, NULL, NULL),
(1593, 26, 33, 122, 1, NULL, NULL),
(1594, 26, 34, 124, 1, NULL, NULL),
(1595, 26, 35, 130, 1, NULL, NULL),
(1596, 26, 36, 131, 1, NULL, NULL),
(1597, 26, 37, 137, 1, NULL, NULL),
(1598, 26, 38, 139, 1, NULL, NULL),
(1599, 26, 39, 146, 1, NULL, NULL),
(1600, 26, 40, 149, 1, NULL, NULL),
(1601, 26, 41, 152, 0, NULL, NULL),
(1602, 26, 42, 158, 1, NULL, NULL),
(1603, 26, 43, 161, 0, NULL, NULL),
(1604, 26, 44, 165, 1, NULL, NULL),
(1605, 26, 45, 168, 1, NULL, NULL),
(1606, 26, 46, 174, 0, NULL, NULL),
(1607, 26, 47, 177, 1, NULL, NULL),
(1608, 26, 48, 181, 1, NULL, NULL),
(1609, 26, 49, 183, 1, NULL, NULL),
(1610, 26, 50, 189, 1, NULL, NULL),
(1611, 26, 51, 192, 1, NULL, NULL),
(1612, 26, 52, 195, 1, NULL, NULL),
(1613, 26, 53, 199, 1, NULL, NULL),
(1614, 26, 54, 205, 1, NULL, NULL),
(1615, 26, 55, 209, 1, NULL, NULL),
(1616, 26, 56, 212, 1, NULL, NULL),
(1617, 26, 57, 215, 0, NULL, NULL),
(1618, 26, 58, 219, 1, NULL, NULL),
(1619, 26, 59, 225, 1, NULL, NULL),
(1620, 26, 60, 227, 1, NULL, NULL),
(1621, 26, 61, 232, 1, NULL, NULL),
(1622, 26, 62, 235, 1, NULL, NULL),
(1623, 26, 63, 242, 1, NULL, NULL),
(1624, 26, 64, 243, 1, NULL, NULL),
(1625, 26, 65, 249, 1, NULL, NULL),
(1626, 26, 66, 253, 1, NULL, NULL),
(1627, 26, 67, 256, 1, NULL, NULL),
(1628, 26, 68, 261, 1, NULL, NULL),
(1629, 26, 69, 264, 1, NULL, NULL),
(1630, 26, 70, 268, 1, NULL, NULL),
(1631, 26, 71, 274, 1, NULL, NULL),
(1632, 26, 72, 278, 1, NULL, NULL),
(1633, 26, 73, 282, 1, NULL, NULL),
(1634, 26, 76, 294, 1, NULL, NULL),
(1635, 26, 77, 297, 1, NULL, NULL),
(1636, 26, 78, 302, 1, NULL, NULL);

-- --------------------------------------------------------

--
-- Table structure for table `results`
--

CREATE TABLE `results` (
  `id` bigint(20) UNSIGNED NOT NULL,
  `user_id` bigint(20) UNSIGNED NOT NULL,
  `total_points` int(11) DEFAULT NULL,
  `created_at` timestamp NULL DEFAULT NULL,
  `updated_at` timestamp NULL DEFAULT NULL,
  `category_id` int(11) NOT NULL
) ENGINE=InnoDB DEFAULT CHARSET=utf8mb4 COLLATE=utf8mb4_unicode_ci;

--
-- Dumping data for table `results`
--

INSERT INTO `results` (`id`, `user_id`, `total_points`, `created_at`, `updated_at`, `category_id`) VALUES
(2, 8, 40, '2022-05-20 09:24:19', '2022-05-20 09:24:19', 7),
(3, 4, 46, '2022-05-20 09:25:15', '2022-05-20 09:25:15', 7),
(4, 6, 34, '2022-05-20 09:26:10', '2022-05-20 09:26:10', 7),
(5, 12, 39, '2022-05-20 09:29:16', '2022-05-20 09:29:16', 7),
(6, 10, 38, '2022-05-20 09:31:19', '2022-05-20 09:31:19', 7),
(7, 20, 35, '2022-05-20 09:31:20', '2022-05-20 09:31:20', 7),
(8, 9, 37, '2022-05-20 09:32:41', '2022-05-20 09:32:41', 7),
(9, 5, 45, '2022-05-20 09:33:18', '2022-05-20 09:33:18', 7),
(10, 11, 43, '2022-05-20 09:33:34', '2022-05-20 09:33:34', 7),
(11, 7, 45, '2022-05-20 09:34:06', '2022-05-20 09:34:06', 7),
(12, 14, 41, '2022-05-20 09:34:21', '2022-05-20 09:34:21', 7),
(13, 13, 44, '2022-05-20 09:35:35', '2022-05-20 09:35:35', 7),
(14, 19, 28, '2022-05-20 09:35:56', '2022-05-20 09:35:56', 7),
(15, 5, 45, '2022-05-20 09:36:02', '2022-05-20 09:36:02', 7),
(16, 18, 27, '2022-05-20 09:36:57', '2022-05-20 09:36:57', 7),
(17, 15, 27, '2022-05-20 09:37:27', '2022-05-20 09:37:27', 7),
(18, 22, 43, '2022-05-20 09:37:33', '2022-05-20 09:37:33', 7),
(19, 6, 35, '2022-05-20 09:37:51', '2022-05-20 09:37:51', 7),
(20, 6, 35, '2022-05-20 09:38:22', '2022-05-20 09:38:22', 7),
(21, 21, 38, '2022-05-20 09:40:19', '2022-05-20 09:40:19', 7),
(22, 16, 35, '2022-05-20 09:41:23', '2022-05-20 09:41:23', 7),
(23, 18, 29, '2022-05-20 14:15:00', '2022-05-20 14:15:00', 7),
(24, 18, 39, '2022-05-20 15:46:06', '2022-05-20 15:46:06', 7),
(25, 18, 52, '2022-05-23 00:43:38', '2022-05-23 00:43:38', 7),
(26, 18, 58, '2022-05-23 02:37:25', '2022-05-23 02:37:25', 7);

-- --------------------------------------------------------

--
-- Table structure for table `roles`
--

CREATE TABLE `roles` (
  `id` bigint(20) UNSIGNED NOT NULL,
  `title` varchar(255) COLLATE utf8mb4_unicode_ci NOT NULL,
  `created_at` timestamp NULL DEFAULT NULL,
  `updated_at` timestamp NULL DEFAULT NULL
) ENGINE=InnoDB DEFAULT CHARSET=utf8mb4 COLLATE=utf8mb4_unicode_ci;

--
-- Dumping data for table `roles`
--

INSERT INTO `roles` (`id`, `title`, `created_at`, `updated_at`) VALUES
(1, 'admin', NULL, NULL),
(2, 'user', NULL, NULL);

-- --------------------------------------------------------

--
-- Table structure for table `role_user`
--

CREATE TABLE `role_user` (
  `id` bigint(20) UNSIGNED NOT NULL,
  `role_id` bigint(20) UNSIGNED DEFAULT NULL,
  `user_id` bigint(20) UNSIGNED DEFAULT NULL,
  `created_at` timestamp NULL DEFAULT NULL,
  `updated_at` timestamp NULL DEFAULT NULL
) ENGINE=InnoDB DEFAULT CHARSET=utf8mb4 COLLATE=utf8mb4_unicode_ci;

--
-- Dumping data for table `role_user`
--

INSERT INTO `role_user` (`id`, `role_id`, `user_id`, `created_at`, `updated_at`) VALUES
(1, 1, 1, NULL, NULL),
(2, 2, 2, NULL, NULL),
(3, 2, 3, NULL, NULL),
(4, 2, 4, NULL, NULL),
(5, 2, 5, NULL, NULL),
(6, 2, 6, NULL, NULL),
(7, 2, 7, NULL, NULL),
(8, 2, 8, NULL, NULL),
(9, 2, 9, NULL, NULL),
(10, 2, 10, NULL, NULL),
(11, 2, 11, NULL, NULL),
(12, 2, 12, NULL, NULL),
(13, 2, 13, NULL, NULL),
(14, 2, 14, NULL, NULL),
(15, 2, 15, NULL, NULL),
(16, 2, 16, NULL, NULL),
(17, 2, 17, NULL, NULL),
(18, 2, 18, NULL, NULL),
(19, 2, 19, NULL, NULL),
(20, 2, 20, NULL, NULL),
(21, 2, 21, NULL, NULL),
(22, 2, 22, NULL, NULL),
(23, 2, 23, NULL, NULL);

-- --------------------------------------------------------

--
-- Table structure for table `users`
--

CREATE TABLE `users` (
  `id` bigint(20) UNSIGNED NOT NULL,
  `name` varchar(255) COLLATE utf8mb4_unicode_ci NOT NULL,
  `email` varchar(255) COLLATE utf8mb4_unicode_ci NOT NULL,
  `email_verified_at` timestamp NULL DEFAULT NULL,
  `password` varchar(255) COLLATE utf8mb4_unicode_ci NOT NULL,
  `remember_token` varchar(100) COLLATE utf8mb4_unicode_ci DEFAULT NULL,
  `created_at` timestamp NULL DEFAULT NULL,
  `updated_at` timestamp NULL DEFAULT NULL
) ENGINE=InnoDB DEFAULT CHARSET=utf8mb4 COLLATE=utf8mb4_unicode_ci;

--
-- Dumping data for table `users`
--

INSERT INTO `users` (`id`, `name`, `email`, `email_verified_at`, `password`, `remember_token`, `created_at`, `updated_at`) VALUES
(1, 'admin', 'admin@example.com', NULL, '$2y$10$hsTyvivCYX7ANi.L9YDrBOExneUu1cGb5yES6ciZgN3p/ibWVFRla', 'NeoBdqA7HjsbaWIow4gBcwDPgveR0u0cGrgT9tcZfwD58Z5OCfldmeJOLA4V', NULL, NULL),
(2, 'nuris akbar', 'nuris.akbar@gmail.com', NULL, '$2y$10$o4mxU211zjEQ9374VzdJhOX6bfkvt/hXadURI4uTVXTM2MvmD6CXO', NULL, '2022-04-19 22:59:00', '2022-04-19 22:59:00'),
(3, 'Wahyu Safrizal', 'wahyusafrizal174@gmail.com', NULL, '$2y$10$Im5k5jjmNaI/FdCfIEWJr.T0sLqLCEIUPsGkcLC3RjLbE6Zk.2Uoq', NULL, '2022-05-20 05:29:18', '2022-05-20 05:29:18'),
(4, 'Ana Rusmana Syakir', 'anaroesmana@gmail.com', NULL, '$2y$10$MRmLhuDXBMJuu1Rzp31YY.Z4.xcBWdoSobVDiBjWo72QJ1N3VD50K', NULL, '2022-05-20 09:02:36', '2022-05-20 09:02:36'),
(5, 'Fachrizal Dwi', 'fachrizalsud@neuron.co.kd', NULL, '$2y$10$uJHvIQuK/pYz7xkCq2PW6epNUjzIF5ishykUXlxTiB6m2CfgDbwbK', NULL, '2022-05-20 09:02:45', '2022-05-20 09:02:45'),
(6, 'Mohamad Aldo Firdaus', 'aldo@neuronworks.co.id', NULL, '$2y$10$iSsyoqkCugX3NVlEesDmremgPHClMGXOLqo1Kbe6xOI/xOjJSA8aC', NULL, '2022-05-20 09:02:46', '2022-05-20 09:02:46'),
(7, 'Adi Permadi', 'permadi@neuronworks.co.id', NULL, '$2y$10$i7GS9tVi8qgHzQ.Bd0V2muc6sd7G0CTV.djTIIzTBkHVx5knzscuK', NULL, '2022-05-20 09:02:48', '2022-05-20 09:02:48'),
(8, 'Ramdhani Lukman', 'ramdhani@neuronworks.co.id', NULL, '$2y$10$/ZtJlg78kuYjig63cH3S0OIkqhLe1vjhLoGJB9/zu712ut0.e0jLW', NULL, '2022-05-20 09:02:54', '2022-05-20 09:02:54'),
(9, 'Andre Ramdhan', 'andre@neuronworks.co.id', NULL, '$2y$10$s2OR47a.dvyfHW4i.G7ZXeIBGy5KriDBJ14Plv.Vpl4mZ.1Xy5hbS', NULL, '2022-05-20 09:03:01', '2022-05-20 09:03:01'),
(10, 'Fachrurrozy', 'fachrurrozy@neuronworks.co.id', NULL, '$2y$10$OjNsQOJKaClHget48VWLVuC105TJ6yJYtZxPGqo8rpBzVArpxCZky', NULL, '2022-05-20 09:03:08', '2022-05-20 09:03:08'),
(11, 'Abdillah', 'abdillah@neuronworks.co.id', NULL, '$2y$10$IlGpf4wy.fCfu1SOxNzyrepW1Sr2Smpt9mlqRtWEheWk3z/mU7HFe', NULL, '2022-05-20 09:03:12', '2022-05-20 09:03:12'),
(12, 'Nofryandi Achmad', 'nofryandi@neuronworks.co.id', NULL, '$2y$10$zqtxS99Ngob7eL1L.NytzuXLhPudfxNJpvh6O8C.svF1gwDbXHbni', NULL, '2022-05-20 09:03:22', '2022-05-20 09:03:22'),
(13, 'candra delvano putra', 'candra@neuronworks.co.id', NULL, '$2y$10$gVUVyjEtQ0M0bvZJGdCG8uTWw6v/ldckxmYmOasKsgkvV/zQcWt9K', NULL, '2022-05-20 09:03:25', '2022-05-20 09:03:25'),
(14, 'Joko Nugroho', 'joko@neuronworks.co.id', NULL, '$2y$10$fRP6XMCWKUxmGxKW9rjZiuJjiWNumnFMdlOBVzUNMwC92ui6T6OZS', NULL, '2022-05-20 09:03:32', '2022-05-20 09:03:32'),
(15, 'Fadli Faturochman', 'tubagus@neuronworks.co.id', NULL, '$2y$10$qoLwx6GMXn3oMd4KwP1jLOKXEP6PApGDuBgTqhtGccJYP5KMjDDN2', NULL, '2022-05-20 09:03:32', '2022-05-20 09:03:32'),
(16, 'Agy Dzulfiqar majid', 'agy@neuronworks.co.id', NULL, '$2y$10$ZAVkbUX2lz6W5Por3I4iHegy.Kg.5z86Ej14xv7rSsszRXcFwA69u', NULL, '2022-05-20 09:04:01', '2022-05-20 09:04:01'),
(17, 'Alam Aby Bashit', 'alam@neuronworks.co.id', NULL, '$2y$10$jzZa6e1nt018yauV16TOe.0fpd3XSAGp.ZYPaeTVyMHg.xG5Kw1Lq', NULL, '2022-05-20 09:04:02', '2022-05-20 09:04:02'),
(18, 'holil', 'holil@neuronworks.co.id', NULL, '$2y$10$h0NUvwy1FNPybi7vUNFnW.rY/HKwdL8ieoJBK6auOf1rBjGHBZptO', 'pu7MMN7TX1P7cQHdnr1mP4YjLFECwAYd4x5LDBj9mdBqBRlrqkZuKtr6hT7u', '2022-05-20 09:04:32', '2022-05-20 09:04:32'),
(19, 'Randy maulana saefulloj', 'randy@neuronworks.co.id', NULL, '$2y$10$MBgA.3I5ZVz5xKuZnlYNLebhDK.a8OypBNiZSCacQhSPqKbU.EZnG', NULL, '2022-05-20 09:04:53', '2022-05-20 09:04:53'),
(20, 'M. Rizki', 'mrizki@neuronworks.co.id', NULL, '$2y$10$lTKa./r6Iv2It9wr5XU1cONdjZKc/dF8lAELkOH2eRLFnN7wR0GR.', NULL, '2022-05-20 09:04:55', '2022-05-20 09:04:55'),
(21, 'Septian Nugraha Kudrat', 'septian@neuronworks.co.id', NULL, '$2y$10$sjBSqPrTlXFDXRhWiTMhu.5HuEYPr473A54wl7JTdyJE9n3qD6xM6', NULL, '2022-05-20 09:05:17', '2022-05-20 09:05:17'),
(22, 'anakonda', 'anakonda121@yopmail.com', NULL, '$2y$10$x2wZY6QOsE1WF.fW6PIdCu7Wi2W2G20xjsDAvZjKyoJm.SAv1jBGK', NULL, '2022-05-20 09:05:22', '2022-05-20 09:05:22'),
(23, 'Andri Budi Santoso', 'andri@neuronworks.co.id', NULL, '$2y$10$.mm.jkl5YKUt7XWBvkkVIOExlg.Z2koBCJCvnbjcaP6g9jylO3W7u', NULL, '2022-05-20 09:05:39', '2022-05-20 09:05:39');

--
-- Indexes for dumped tables
--

--
-- Indexes for table `categories`
--
ALTER TABLE `categories`
  ADD PRIMARY KEY (`id`);

--
-- Indexes for table `failed_jobs`
--
ALTER TABLE `failed_jobs`
  ADD PRIMARY KEY (`id`),
  ADD UNIQUE KEY `failed_jobs_uuid_unique` (`uuid`);

--
-- Indexes for table `migrations`
--
ALTER TABLE `migrations`
  ADD PRIMARY KEY (`id`);

--
-- Indexes for table `options`
--
ALTER TABLE `options`
  ADD PRIMARY KEY (`id`),
  ADD KEY `options_question_id_foreign` (`question_id`);

--
-- Indexes for table `password_resets`
--
ALTER TABLE `password_resets`
  ADD KEY `password_resets_email_index` (`email`);

--
-- Indexes for table `permissions`
--
ALTER TABLE `permissions`
  ADD PRIMARY KEY (`id`);

--
-- Indexes for table `permission_role`
--
ALTER TABLE `permission_role`
  ADD PRIMARY KEY (`id`),
  ADD KEY `permission_role_permission_id_foreign` (`permission_id`),
  ADD KEY `permission_role_role_id_foreign` (`role_id`);

--
-- Indexes for table `personal_access_tokens`
--
ALTER TABLE `personal_access_tokens`
  ADD PRIMARY KEY (`id`),
  ADD UNIQUE KEY `personal_access_tokens_token_unique` (`token`),
  ADD KEY `personal_access_tokens_tokenable_type_tokenable_id_index` (`tokenable_type`,`tokenable_id`);

--
-- Indexes for table `questions`
--
ALTER TABLE `questions`
  ADD PRIMARY KEY (`id`),
  ADD KEY `questions_category_id_foreign` (`category_id`);

--
-- Indexes for table `question_result`
--
ALTER TABLE `question_result`
  ADD PRIMARY KEY (`id`),
  ADD KEY `question_result_result_id_foreign` (`result_id`),
  ADD KEY `question_result_question_id_foreign` (`question_id`),
  ADD KEY `question_result_option_id_foreign` (`option_id`);

--
-- Indexes for table `results`
--
ALTER TABLE `results`
  ADD PRIMARY KEY (`id`),
  ADD KEY `results_user_id_foreign` (`user_id`);

--
-- Indexes for table `roles`
--
ALTER TABLE `roles`
  ADD PRIMARY KEY (`id`);

--
-- Indexes for table `role_user`
--
ALTER TABLE `role_user`
  ADD PRIMARY KEY (`id`),
  ADD KEY `role_user_role_id_foreign` (`role_id`),
  ADD KEY `role_user_user_id_foreign` (`user_id`);

--
-- Indexes for table `users`
--
ALTER TABLE `users`
  ADD PRIMARY KEY (`id`),
  ADD UNIQUE KEY `users_email_unique` (`email`);

--
-- AUTO_INCREMENT for dumped tables
--

--
-- AUTO_INCREMENT for table `categories`
--
ALTER TABLE `categories`
  MODIFY `id` bigint(20) UNSIGNED NOT NULL AUTO_INCREMENT, AUTO_INCREMENT=24;

--
-- AUTO_INCREMENT for table `failed_jobs`
--
ALTER TABLE `failed_jobs`
  MODIFY `id` bigint(20) UNSIGNED NOT NULL AUTO_INCREMENT;

--
-- AUTO_INCREMENT for table `migrations`
--
ALTER TABLE `migrations`
  MODIFY `id` int(10) UNSIGNED NOT NULL AUTO_INCREMENT, AUTO_INCREMENT=18;

--
-- AUTO_INCREMENT for table `options`
--
ALTER TABLE `options`
  MODIFY `id` bigint(20) UNSIGNED NOT NULL AUTO_INCREMENT, AUTO_INCREMENT=319;

--
-- AUTO_INCREMENT for table `permissions`
--
ALTER TABLE `permissions`
  MODIFY `id` bigint(20) UNSIGNED NOT NULL AUTO_INCREMENT, AUTO_INCREMENT=21;

--
-- AUTO_INCREMENT for table `permission_role`
--
ALTER TABLE `permission_role`
  MODIFY `id` bigint(20) UNSIGNED NOT NULL AUTO_INCREMENT, AUTO_INCREMENT=22;

--
-- AUTO_INCREMENT for table `personal_access_tokens`
--
ALTER TABLE `personal_access_tokens`
  MODIFY `id` bigint(20) UNSIGNED NOT NULL AUTO_INCREMENT;

--
-- AUTO_INCREMENT for table `questions`
--
ALTER TABLE `questions`
  MODIFY `id` bigint(20) UNSIGNED NOT NULL AUTO_INCREMENT, AUTO_INCREMENT=83;

--
-- AUTO_INCREMENT for table `question_result`
--
ALTER TABLE `question_result`
  MODIFY `id` bigint(20) UNSIGNED NOT NULL AUTO_INCREMENT, AUTO_INCREMENT=1637;

--
-- AUTO_INCREMENT for table `results`
--
ALTER TABLE `results`
  MODIFY `id` bigint(20) UNSIGNED NOT NULL AUTO_INCREMENT, AUTO_INCREMENT=27;

--
-- AUTO_INCREMENT for table `roles`
--
ALTER TABLE `roles`
  MODIFY `id` bigint(20) UNSIGNED NOT NULL AUTO_INCREMENT, AUTO_INCREMENT=3;

--
-- AUTO_INCREMENT for table `role_user`
--
ALTER TABLE `role_user`
  MODIFY `id` bigint(20) UNSIGNED NOT NULL AUTO_INCREMENT, AUTO_INCREMENT=24;

--
-- AUTO_INCREMENT for table `users`
--
ALTER TABLE `users`
  MODIFY `id` bigint(20) UNSIGNED NOT NULL AUTO_INCREMENT, AUTO_INCREMENT=24;

--
-- Constraints for dumped tables
--

--
-- Constraints for table `options`
--
ALTER TABLE `options`
  ADD CONSTRAINT `options_question_id_foreign` FOREIGN KEY (`question_id`) REFERENCES `questions` (`id`) ON UPDATE CASCADE;

--
-- Constraints for table `permission_role`
--
ALTER TABLE `permission_role`
  ADD CONSTRAINT `permission_role_permission_id_foreign` FOREIGN KEY (`permission_id`) REFERENCES `permissions` (`id`) ON DELETE CASCADE,
  ADD CONSTRAINT `permission_role_role_id_foreign` FOREIGN KEY (`role_id`) REFERENCES `roles` (`id`) ON DELETE CASCADE;

--
-- Constraints for table `questions`
--
ALTER TABLE `questions`
  ADD CONSTRAINT `questions_category_id_foreign` FOREIGN KEY (`category_id`) REFERENCES `categories` (`id`) ON UPDATE CASCADE;

--
-- Constraints for table `question_result`
--
ALTER TABLE `question_result`
  ADD CONSTRAINT `question_result_option_id_foreign` FOREIGN KEY (`option_id`) REFERENCES `options` (`id`) ON DELETE CASCADE,
  ADD CONSTRAINT `question_result_question_id_foreign` FOREIGN KEY (`question_id`) REFERENCES `questions` (`id`) ON DELETE CASCADE,
  ADD CONSTRAINT `question_result_result_id_foreign` FOREIGN KEY (`result_id`) REFERENCES `results` (`id`) ON DELETE CASCADE;

--
-- Constraints for table `results`
--
ALTER TABLE `results`
  ADD CONSTRAINT `results_user_id_foreign` FOREIGN KEY (`user_id`) REFERENCES `users` (`id`) ON UPDATE CASCADE;

--
-- Constraints for table `role_user`
--
ALTER TABLE `role_user`
  ADD CONSTRAINT `role_user_role_id_foreign` FOREIGN KEY (`role_id`) REFERENCES `roles` (`id`) ON DELETE CASCADE,
  ADD CONSTRAINT `role_user_user_id_foreign` FOREIGN KEY (`user_id`) REFERENCES `users` (`id`) ON DELETE CASCADE;
COMMIT;

/*!40101 SET CHARACTER_SET_CLIENT=@OLD_CHARACTER_SET_CLIENT */;
/*!40101 SET CHARACTER_SET_RESULTS=@OLD_CHARACTER_SET_RESULTS */;
/*!40101 SET COLLATION_CONNECTION=@OLD_COLLATION_CONNECTION */;
